-- phpMyAdmin SQL Dump
-- version 4.5.1
-- http://www.phpmyadmin.net
--
-- Host: 127.0.0.1
-- Generation Time: Oct 13, 2016 at 07:59 AM
-- Server version: 10.1.16-MariaDB
-- PHP Version: 7.0.9

SET SQL_MODE = "NO_AUTO_VALUE_ON_ZERO";
SET time_zone = "+00:00";


/*!40101 SET @OLD_CHARACTER_SET_CLIENT=@@CHARACTER_SET_CLIENT */;
/*!40101 SET @OLD_CHARACTER_SET_RESULTS=@@CHARACTER_SET_RESULTS */;
/*!40101 SET @OLD_COLLATION_CONNECTION=@@COLLATION_CONNECTION */;
/*!40101 SET NAMES utf8mb4 */;

--
-- Database: `schools2`
--
CREATE DATABASE IF NOT EXISTS `schools2` DEFAULT CHARACTER SET utf8 COLLATE utf8_general_ci;
USE `schools2`;

-- --------------------------------------------------------

--
-- Table structure for table `amphur`
--

CREATE TABLE `amphur` (
  `AMPHUR_ID` int(5) NOT NULL,
  `AMPHUR_CODE` varchar(4) COLLATE utf8_unicode_ci NOT NULL,
  `AMPHUR_NAME` varchar(150) COLLATE utf8_unicode_ci NOT NULL,
  `GEO_ID` int(5) NOT NULL DEFAULT '0',
  `PROVINCE_ID` int(5) NOT NULL DEFAULT '0'
) ENGINE=MyISAM DEFAULT CHARSET=utf8 COLLATE=utf8_unicode_ci;

--
-- Dumping data for table `amphur`
--

INSERT INTO `amphur` (`AMPHUR_ID`, `AMPHUR_CODE`, `AMPHUR_NAME`, `GEO_ID`, `PROVINCE_ID`) VALUES
(1, '1001', 'เขตพระนคร', 2, 1),
(2, '1002', 'เขตดุสิต', 2, 1),
(3, '1003', 'เขตหนองจอก', 2, 1),
(4, '1004', 'เขตบางรัก', 2, 1),
(5, '1005', 'เขตบางเขน', 2, 1),
(6, '1006', 'เขตบางกะปิ', 2, 1),
(7, '1007', 'เขตปทุมวัน', 2, 1),
(8, '1008', 'เขตป้อมปราบศัตรูพ่าย', 2, 1),
(9, '1009', 'เขตพระโขนง', 2, 1),
(10, '1010', 'เขตมีนบุรี', 2, 1),
(11, '1011', 'เขตลาดกระบัง', 2, 1),
(12, '1012', 'เขตยานนาวา', 2, 1),
(13, '1013', 'เขตสัมพันธวงศ์', 2, 1),
(14, '1014', 'เขตพญาไท', 2, 1),
(15, '1015', 'เขตธนบุรี', 2, 1),
(16, '1016', 'เขตบางกอกใหญ่', 2, 1),
(17, '1017', 'เขตห้วยขวาง', 2, 1),
(18, '1018', 'เขตคลองสาน', 2, 1),
(19, '1019', 'เขตตลิ่งชัน', 2, 1),
(20, '1020', 'เขตบางกอกน้อย', 2, 1),
(21, '1021', 'เขตบางขุนเทียน', 2, 1),
(22, '1022', 'เขตภาษีเจริญ', 2, 1),
(23, '1023', 'เขตหนองแขม', 2, 1),
(24, '1024', 'เขตราษฎร์บูรณะ', 2, 1),
(25, '1025', 'เขตบางพลัด', 2, 1),
(26, '1026', 'เขตดินแดง', 2, 1),
(27, '1027', 'เขตบึงกุ่ม', 2, 1),
(28, '1028', 'เขตสาทร', 2, 1),
(29, '1029', 'เขตบางซื่อ', 2, 1),
(30, '1030', 'เขตจตุจักร', 2, 1),
(31, '1031', 'เขตบางคอแหลม', 2, 1),
(32, '1032', 'เขตประเวศ', 2, 1),
(33, '1033', 'เขตคลองเตย', 2, 1),
(34, '1034', 'เขตสวนหลวง', 2, 1),
(35, '1035', 'เขตจอมทอง', 2, 1),
(36, '1036', 'เขตดอนเมือง', 2, 1),
(37, '1037', 'เขตราชเทวี', 2, 1),
(38, '1038', 'เขตลาดพร้าว', 2, 1),
(39, '1039', 'เขตวัฒนา', 2, 1),
(40, '1040', 'เขตบางแค', 2, 1),
(41, '1041', 'เขตหลักสี่', 2, 1),
(42, '1042', 'เขตสายไหม', 2, 1),
(43, '1043', 'เขตคันนายาว', 2, 1),
(44, '1044', 'เขตสะพานสูง', 2, 1),
(45, '1045', 'เขตวังทองหลาง', 2, 1),
(46, '1046', 'เขตคลองสามวา', 2, 1),
(47, '1047', 'เขตบางนา', 2, 1),
(48, '1048', 'เขตทวีวัฒนา', 2, 1),
(49, '1049', 'เขตทุ่งครุ', 2, 1),
(50, '1050', 'เขตบางบอน', 2, 1),
(51, '1081', 'บ้านทะวาย', 2, 1),
(52, '1101', 'เมือง', 2, 2),
(53, '1102', 'บางบ่อ', 2, 2),
(54, '1103', 'บางพลี', 2, 2),
(55, '1104', 'พระประแดง', 2, 2),
(56, '1105', 'พระสมุทรเจดีย์', 2, 2),
(57, '1106', 'บางเสาธง', 2, 2),
(58, '1201', 'เมือง', 2, 3),
(59, '1202', 'บางกรวย', 2, 3),
(60, '1203', 'บางใหญ่', 2, 3),
(61, '1204', 'บางบัวทอง', 2, 3),
(62, '1205', 'ไทรน้อย', 2, 3),
(63, '1206', 'ปากเกร็ด', 2, 3),
(64, '1251', 'เทศบาลนครนนทบุรี (สาขาแขวงท่าทราย)', 2, 3),
(65, '1297', 'เทศบาลนครปากเกร็ด', 2, 3),
(66, '1301', 'เมือง', 2, 4),
(67, '1302', 'คลองหลวง', 2, 4),
(68, '1303', 'ธัญบุรี', 2, 4),
(69, '1304', 'หนองเสือ', 2, 4),
(70, '1305', 'ลาดหลุมแก้ว', 2, 4),
(71, '1306', 'ลำลูกกา', 2, 4),
(72, '1307', 'สามโคก', 2, 4),
(73, '1351', 'ลำลูกกา (สาขาตำบลคูคต)', 2, 4),
(74, '1401', 'พระนครศรีอยุธยา', 2, 5),
(75, '1402', 'ท่าเรือ', 2, 5),
(76, '1403', 'นครหลวง', 2, 5),
(77, '1404', 'บางไทร', 2, 5),
(78, '1405', 'บางบาล', 2, 5),
(79, '1406', 'บางปะอิน', 2, 5),
(80, '1407', 'บางปะหัน', 2, 5),
(81, '1408', 'ผักไห่', 2, 5),
(82, '1409', 'ภาชี', 2, 5),
(83, '1410', 'ลาดบัวหลวง', 2, 5),
(84, '1411', 'วังน้อย', 2, 5),
(85, '1412', 'เสนา', 2, 5),
(86, '1413', 'บางซ้าย', 2, 5),
(87, '1414', 'อุทัย', 2, 5),
(88, '1415', 'มหาราช', 2, 5),
(89, '1416', 'บ้านแพรก', 2, 5),
(90, '1501', 'เมือง', 2, 6),
(91, '1502', 'ไชโย', 2, 6),
(92, '1503', 'ป่าโมก', 2, 6),
(93, '1504', 'โพธิ์ทอง', 2, 6),
(94, '1505', 'แสวงหา', 2, 6),
(95, '1506', 'วิเศษชัยชาญ', 2, 6),
(96, '1507', 'สามโก้', 2, 6),
(97, '1601', 'เมือง', 2, 7),
(98, '1602', 'พัฒนานิคม', 2, 7),
(99, '1603', 'โคกสำโรง', 2, 7),
(100, '1604', 'ชัยบาดาล', 2, 7),
(101, '1605', 'ท่าวุ้ง', 2, 7),
(102, '1606', 'บ้านหมี่', 2, 7),
(103, '1607', 'ท่าหลวง', 2, 7),
(104, '1608', 'สระโบสถ์', 2, 7),
(105, '1609', 'โคกเจริญ', 2, 7),
(106, '1610', 'ลำสนธิ', 2, 7),
(107, '1611', 'หนองม่วง', 2, 7),
(108, '1681', 'อ.บ้านเช่า', 2, 7),
(109, '1701', 'เมือง', 2, 8),
(110, '1702', 'บางระจัน', 2, 8),
(111, '1703', 'ค่ายบางระจัน', 2, 8),
(112, '1704', 'พรหมบุรี', 2, 8),
(113, '1705', 'ท่าช้าง', 2, 8),
(114, '1706', 'อินทร์บุรี', 2, 8),
(115, '1801', 'เมือง', 2, 9),
(116, '1802', 'มโนรมย์', 2, 9),
(117, '1803', 'วัดสิงห์', 2, 9),
(118, '1804', 'สรรพยา', 2, 9),
(119, '1805', 'สรรคบุรี', 2, 9),
(120, '1806', 'หันคา', 2, 9),
(121, '1807', 'หนองมะโมง', 2, 9),
(122, '1808', 'เนินขาม', 2, 9),
(123, '1901', 'เมือง', 2, 10),
(124, '1902', 'แก่งคอย', 2, 10),
(125, '1903', 'หนองแค', 2, 10),
(126, '1904', 'วิหารแดง', 2, 10),
(127, '1905', 'หนองแซง', 2, 10),
(128, '1906', 'บ้านหมอ', 2, 10),
(129, '1907', 'ดอนพุด', 2, 10),
(130, '1908', 'หนองโดน', 2, 10),
(131, '1909', 'พระพุทธบาท', 2, 10),
(132, '1910', 'เสาไห้', 2, 10),
(133, '1911', 'มวกเหล็ก', 2, 10),
(134, '1912', 'วังม่วง', 2, 10),
(135, '1913', 'เฉลิมพระเกียรติ', 2, 10),
(136, '2001', 'เมือง', 5, 11),
(137, '2002', 'บ้านบึง', 5, 11),
(138, '2003', 'หนองใหญ่', 5, 11),
(139, '2004', 'บางละมุง', 5, 11),
(140, '2005', 'พานทอง', 5, 11),
(141, '2006', 'พนัสนิคม', 5, 11),
(142, '2007', 'ศรีราชา', 5, 11),
(143, '2008', 'เกาะสีชัง', 5, 11),
(144, '2009', 'สัตหีบ', 5, 11),
(145, '2010', 'บ่อทอง', 5, 11),
(146, '2011', 'เกาะจันทร์', 5, 11),
(147, '2051', 'สัตหีบ (สาขาตำบลบางเสร่)', 5, 11),
(148, '2072', 'ท้องถิ่นเทศบาลเมืองหนองปรือ*', 5, 11),
(149, '2093', 'เทศบาลเมืองแหลมฉบัง', 5, 11),
(150, '2099', 'เทศบาลเมืองชลบุรี', 5, 11),
(151, '2101', 'เมือง', 5, 12),
(152, '2102', 'บ้านฉาง', 5, 12),
(153, '2103', 'แกลง', 5, 12),
(154, '2104', 'วังจันทร์', 5, 12),
(155, '2105', 'บ้านค่าย', 5, 12),
(156, '2106', 'ปลวกแดง', 5, 12),
(157, '2107', 'เขาชะเมา', 5, 12),
(158, '2108', 'นิคมพัฒนา', 5, 12),
(159, '2151', 'สาขาตำบลมาบข่า', 5, 12),
(160, '2201', 'เมือง', 5, 13),
(161, '2202', 'ขลุง', 5, 13),
(162, '2203', 'ท่าใหม่', 5, 13),
(163, '2204', 'โป่งน้ำร้อน', 5, 13),
(164, '2205', 'มะขาม', 5, 13),
(165, '2206', 'แหลมสิงห์', 5, 13),
(166, '2207', 'สอยดาว', 5, 13),
(167, '2208', 'แก่งหางแมว', 5, 13),
(168, '2209', 'นายายอาม', 5, 13),
(169, '2210', 'เขาคิชฌกูฏ', 5, 13),
(170, '2281', 'กิ่ง อ.กำพุธ', 5, 13),
(171, '2301', 'เมือง', 5, 14),
(172, '2302', 'คลองใหญ่', 5, 14),
(173, '2303', 'เขาสมิง', 5, 14),
(174, '2304', 'บ่อไร่', 5, 14),
(175, '2305', 'แหลมงอบ', 5, 14),
(176, '2306', 'เกาะกูด', 5, 14),
(177, '2307', 'เกาะช้าง', 5, 14),
(178, '2401', 'เมือง', 5, 15),
(179, '2402', 'บางคล้า', 5, 15),
(180, '2403', 'บางน้ำเปรี้ยว', 5, 15),
(181, '2404', 'บางปะกง', 5, 15),
(182, '2405', 'บ้านโพธิ์', 5, 15),
(183, '2406', 'พนมสารคาม', 5, 15),
(184, '2407', 'ราชสาส์น', 5, 15),
(185, '2408', 'สนามชัยเขต', 5, 15),
(186, '2409', 'แปลงยาว', 5, 15),
(187, '2410', 'ท่าตะเกียบ', 5, 15),
(188, '2411', 'คลองเขื่อน', 5, 15),
(189, '2501', 'เมือง', 5, 16),
(190, '2502', 'กบินทร์บุรี', 5, 16),
(191, '2503', 'นาดี', 5, 16),
(192, '2504', '*สระแก้ว', 5, 16),
(193, '2505', '*วังน้ำเย็น', 5, 16),
(194, '2506', 'บ้านสร้าง', 5, 16),
(195, '2507', 'ประจันตคาม', 5, 16),
(196, '2508', 'ศรีมหาโพธิ', 5, 16),
(197, '2509', 'ศรีมโหสถ', 5, 16),
(198, '2510', '*อรัญประเทศ', 5, 16),
(199, '2511', '*ตาพระยา', 5, 16),
(200, '2512', '*วัฒนานคร', 5, 16),
(201, '2513', '*คลองหาด', 5, 16),
(202, '2601', 'เมือง', 2, 17),
(203, '2602', 'ปากพลี', 2, 17),
(204, '2603', 'บ้านนา', 2, 17),
(205, '2604', 'องครักษ์', 2, 17),
(206, '2701', 'เมือง', 5, 18),
(207, '2702', 'คลองหาด', 5, 18),
(208, '2703', 'ตาพระยา', 5, 18),
(209, '2704', 'วังน้ำเย็น', 5, 18),
(210, '2705', 'วัฒนานคร', 5, 18),
(211, '2706', 'อรัญประเทศ', 5, 18),
(212, '2707', 'เขาฉกรรจ์', 5, 18),
(213, '2708', 'โคกสูง', 5, 18),
(214, '2709', 'วังสมบูรณ์', 5, 18),
(215, '3001', 'เมือง', 3, 19),
(216, '3002', 'ครบุรี', 3, 19),
(217, '3003', 'เสิงสาง', 3, 19),
(218, '3004', 'คง', 3, 19),
(219, '3005', 'บ้านเหลื่อม', 3, 19),
(220, '3006', 'จักราช', 3, 19),
(221, '3007', 'โชคชัย', 3, 19),
(222, '3008', 'ด่านขุนทด', 3, 19),
(223, '3009', 'โนนไทย', 3, 19),
(224, '3010', 'โนนสูง', 3, 19),
(225, '3011', 'ขามสะแกแสง', 3, 19),
(226, '3012', 'บัวใหญ่', 3, 19),
(227, '3013', 'ประทาย', 3, 19),
(228, '3014', 'ปักธงชัย', 3, 19),
(229, '3015', 'พิมาย', 3, 19),
(230, '3016', 'ห้วยแถลง', 3, 19),
(231, '3017', 'ชุมพวง', 3, 19),
(232, '3018', 'สูงเนิน', 3, 19),
(233, '3019', 'ขามทะเลสอ', 3, 19),
(234, '3020', 'สีคิ้ว', 3, 19),
(235, '3021', 'ปากช่อง', 3, 19),
(236, '3022', 'หนองบุญมาก', 3, 19),
(237, '3023', 'แก้งสนามนาง', 3, 19),
(238, '3024', 'โนนแดง', 3, 19),
(239, '3025', 'วังน้ำเขียว', 3, 19),
(240, '3026', 'เทพารักษ์', 3, 19),
(241, '3027', 'เมืองยาง', 3, 19),
(242, '3028', 'พระทองคำ', 3, 19),
(243, '3029', 'ลำทะเมนชัย', 3, 19),
(244, '3030', 'บัวลาย', 3, 19),
(245, '3031', 'สีดา', 3, 19),
(246, '3032', 'เฉลิมพระเกียรติ', 3, 19),
(247, '3049', 'ท้องถิ่นเทศบาลตำบลโพธิ์กลาง', 3, 19),
(248, '3051', 'สาขาตำบลมะค่า-พลสงคราม', 3, 19),
(249, '3081', 'โนนลาว', 3, 19),
(250, '3101', 'เมือง', 3, 20),
(251, '3102', 'คูเมือง', 3, 20),
(252, '3103', 'กระสัง', 3, 20),
(253, '3104', 'นางรอง', 3, 20),
(254, '3105', 'หนองกี่', 3, 20),
(255, '3106', 'ละหานทราย', 3, 20),
(256, '3107', 'ประโคนชัย', 3, 20),
(257, '3108', 'บ้านกรวด', 3, 20),
(258, '3109', 'พุทไธสง', 3, 20),
(259, '3110', 'ลำปลายมาศ', 3, 20),
(260, '3111', 'สตึก', 3, 20),
(261, '3112', 'ปะคำ', 3, 20),
(262, '3113', 'นาโพธิ์', 3, 20),
(263, '3114', 'หนองหงส์', 3, 20),
(264, '3115', 'พลับพลาชัย', 3, 20),
(265, '3116', 'ห้วยราช', 3, 20),
(266, '3117', 'โนนสุวรรณ', 3, 20),
(267, '3118', 'ชำนิ', 3, 20),
(268, '3119', 'บ้านใหม่ไชยพจน์', 3, 20),
(269, '3120', 'โนนดินแดง', 3, 20),
(270, '3121', 'บ้านด่าน', 3, 20),
(271, '3122', 'แคนดง', 3, 20),
(272, '3123', 'เฉลิมพระเกียรติ', 3, 20),
(273, '3201', 'เมือง', 3, 21),
(274, '3202', 'ชุมพลบุรี', 3, 21),
(275, '3203', 'ท่าตูม', 3, 21),
(276, '3204', 'จอมพระ', 3, 21),
(277, '3205', 'ปราสาท', 3, 21),
(278, '3206', 'กาบเชิง', 3, 21),
(279, '3207', 'รัตนบุรี', 3, 21),
(280, '3208', 'สนม', 3, 21),
(281, '3209', 'ศีขรภูมิ', 3, 21),
(282, '3210', 'สังขะ', 3, 21),
(283, '3211', 'ลำดวน', 3, 21),
(284, '3212', 'สำโรงทาบ', 3, 21),
(285, '3213', 'บัวเชด', 3, 21),
(286, '3214', 'พนมดงรัก', 3, 21),
(287, '3215', 'ศรีณรงค์', 3, 21),
(288, '3216', 'เขวาสินรินทร์', 3, 21),
(289, '3217', 'โนนนารายณ์', 3, 21),
(290, '3301', 'เมือง', 3, 22),
(291, '3302', 'ยางชุมน้อย', 3, 22),
(292, '3303', 'กันทรารมย์', 3, 22),
(293, '3304', 'กันทรลักษ์', 3, 22),
(294, '3305', 'ขุขันธ์', 3, 22),
(295, '3306', 'ไพรบึง', 3, 22),
(296, '3307', 'ปรางค์กู่', 3, 22),
(297, '3308', 'ขุนหาญ', 3, 22),
(298, '3309', 'ราษีไศล', 3, 22),
(299, '3310', 'อุทุมพรพิสัย', 3, 22),
(300, '3311', 'บึงบูรพ์', 3, 22),
(301, '3312', 'ห้วยทับทัน', 3, 22),
(302, '3313', 'โนนคูณ', 3, 22),
(303, '3314', 'ศรีรัตนะ', 3, 22),
(304, '3315', 'น้ำเกลี้ยง', 3, 22),
(305, '3316', 'วังหิน', 3, 22),
(306, '3317', 'ภูสิงห์', 3, 22),
(307, '3318', 'เมืองจันทร์', 3, 22),
(308, '3319', 'เบญจลักษ์', 3, 22),
(309, '3320', 'พยุห์', 3, 22),
(310, '3321', 'โพธิ์ศรีสุวรรณ', 3, 22),
(311, '3322', 'ศิลาลาด', 3, 22),
(312, '3401', 'เมือง', 3, 23),
(313, '3402', 'ศรีเมืองใหม่', 3, 23),
(314, '3403', 'โขงเจียม', 3, 23),
(315, '3404', 'เขื่องใน', 3, 23),
(316, '3405', 'เขมราฐ', 3, 23),
(317, '3406', '*ชานุมาน', 3, 23),
(318, '3407', 'เดชอุดม', 3, 23),
(319, '3408', 'นาจะหลวย', 3, 23),
(320, '3409', 'น้ำยืน', 3, 23),
(321, '3410', 'บุณฑริก', 3, 23),
(322, '3411', 'ตระการพืชผล', 3, 23),
(323, '3412', 'กุดข้าวปุ้น', 3, 23),
(324, '3413', '*พนา', 3, 23),
(325, '3414', 'ม่วงสามสิบ', 3, 23),
(326, '3415', 'วารินชำราบ', 3, 23),
(327, '3416', '*อำนาจเจริญ', 3, 23),
(328, '3417', '*เสนางคนิคม', 3, 23),
(329, '3418', '*หัวตะพาน', 3, 23),
(330, '3419', 'พิบูลมังสาหาร', 3, 23),
(331, '3420', 'ตาลสุม', 3, 23),
(332, '3421', 'โพธิ์ไทร', 3, 23),
(333, '3422', 'สำโรง', 3, 23),
(334, '3423', '*กิ่งอำเภอลืออำนาจ', 3, 23),
(335, '3424', 'ดอนมดแดง', 3, 23),
(336, '3425', 'สิรินธร', 3, 23),
(337, '3426', 'ทุ่งศรีอุดม', 3, 23),
(338, '3427', '*ปทุมราชวงศา', 3, 23),
(339, '3428', 'กิ่งอำเภอศรีหลักชัย', 3, 23),
(340, '3429', 'นาเยีย', 3, 23),
(341, '3430', 'นาตาล', 3, 23),
(342, '3431', 'เหล่าเสือโก้ก', 3, 23),
(343, '3432', 'สว่างวีระวงศ์', 3, 23),
(344, '3433', 'น้ำขุ่น', 3, 23),
(345, '3481', 'อ.สุวรรณวารี', 3, 23),
(346, '3501', 'เมือง', 3, 24),
(347, '3502', 'ทรายมูล', 3, 24),
(348, '3503', 'กุดชุม', 3, 24),
(349, '3504', 'คำเขื่อนแก้ว', 3, 24),
(350, '3505', 'ป่าติ้ว', 3, 24),
(351, '3506', 'มหาชนะชัย', 3, 24),
(352, '3507', 'ค้อวัง', 3, 24),
(353, '3508', 'เลิงนกทา', 3, 24),
(354, '3509', 'ไทยเจริญ', 3, 24),
(355, '3601', 'เมือง', 3, 25),
(356, '3602', 'บ้านเขว้า', 3, 25),
(357, '3603', 'คอนสวรรค์', 3, 25),
(358, '3604', 'เกษตรสมบูรณ์', 3, 25),
(359, '3605', 'หนองบัวแดง', 3, 25),
(360, '3606', 'จัตุรัส', 3, 25),
(361, '3607', 'บำเหน็จณรงค์', 3, 25),
(362, '3608', 'หนองบัวระเหว', 3, 25),
(363, '3609', 'เทพสถิต', 3, 25),
(364, '3610', 'ภูเขียว', 3, 25),
(365, '3611', 'บ้านแท่น', 3, 25),
(366, '3612', 'แก้งคร้อ', 3, 25),
(367, '3613', 'คอนสาร', 3, 25),
(368, '3614', 'ภักดีชุมพล', 3, 25),
(369, '3615', 'เนินสง่า', 3, 25),
(370, '3616', 'ซับใหญ่', 3, 25),
(371, '3651', 'เมืองชัยภูมิ (สาขาตำบลโนนสำราญ)', 3, 25),
(372, '3652', 'สาขาตำบลบ้านหว่าเฒ่า', 3, 25),
(373, '3653', 'หนองบัวแดง (สาขาตำบลวังชมภู)', 3, 25),
(374, '3654', 'กิ่งอำเภอซับใหญ่ (สาขาตำบลซับใหญ่)', 3, 25),
(375, '3655', 'สาขาตำบลโคกเพชร', 3, 25),
(376, '3656', 'เทพสถิต (สาขาตำบลนายางกลัก)', 3, 25),
(377, '3657', 'บ้านแท่น (สาขาตำบลบ้านเต่า)', 3, 25),
(378, '3658', 'แก้งคร้อ (สาขาตำบลท่ามะไฟหวาน)', 3, 25),
(379, '3659', 'คอนสาร (สาขาตำบลโนนคูณ)', 3, 25),
(380, '3701', 'เมือง', 3, 26),
(381, '3702', 'ชานุมาน', 3, 26),
(382, '3703', 'ปทุมราชวงศา', 3, 26),
(383, '3704', 'พนา', 3, 26),
(384, '3705', 'เสนางคนิคม', 3, 26),
(385, '3706', 'หัวตะพาน', 3, 26),
(386, '3707', 'ลืออำนาจ', 3, 26),
(387, '3901', 'เมือง', 3, 27),
(388, '3902', 'นากลาง', 3, 27),
(389, '3903', 'โนนสัง', 3, 27),
(390, '3904', 'ศรีบุญเรือง', 3, 27),
(391, '3905', 'สุวรรณคูหา', 3, 27),
(392, '3906', 'นาวัง', 3, 27),
(393, '4001', 'เมือง', 3, 28),
(394, '4002', 'บ้านฝาง', 3, 28),
(395, '4003', 'พระยืน', 3, 28),
(396, '4004', 'หนองเรือ', 3, 28),
(397, '4005', 'ชุมแพ', 3, 28),
(398, '4006', 'สีชมพู', 3, 28),
(399, '4007', 'น้ำพอง', 3, 28),
(400, '4008', 'อุบลรัตน์', 3, 28),
(401, '4009', 'กระนวน', 3, 28),
(402, '4010', 'บ้านไผ่', 3, 28),
(403, '4011', 'เปือยน้อย', 3, 28),
(404, '4012', 'พล', 3, 28),
(405, '4013', 'แวงใหญ่', 3, 28),
(406, '4014', 'แวงน้อย', 3, 28),
(407, '4015', 'หนองสองห้อง', 3, 28),
(408, '4016', 'ภูเวียง', 3, 28),
(409, '4017', 'มัญจาคีรี', 3, 28),
(410, '4018', 'ชนบท', 3, 28),
(411, '4019', 'เขาสวนกวาง', 3, 28),
(412, '4020', 'ภูผาม่าน', 3, 28),
(413, '4021', 'ซำสูง', 3, 28),
(414, '4022', 'โคกโพธิ์ไชย', 3, 28),
(415, '4023', 'หนองนาคำ', 3, 28),
(416, '4024', 'บ้านแฮด', 3, 28),
(417, '4025', 'โนนศิลา', 3, 28),
(418, '4029', 'เวียงเก่า', 3, 28),
(419, '4068', 'ท้องถิ่นเทศบาลตำบลบ้านเป็ด*', 3, 28),
(420, '4098', 'เทศบาลเมืองเมืองพล', 3, 28),
(421, '4101', 'เมือง', 3, 29),
(422, '4102', 'กุดจับ', 3, 29),
(423, '4103', 'หนองวัวซอ', 3, 29),
(424, '4104', 'กุมภวาปี', 3, 29),
(425, '4105', 'โนนสะอาด', 3, 29),
(426, '4106', 'หนองหาน', 3, 29),
(427, '4107', 'ทุ่งฝน', 3, 29),
(428, '4108', 'ไชยวาน', 3, 29),
(429, '4109', 'ศรีธาตุ', 3, 29),
(430, '4110', 'วังสามหมอ', 3, 29),
(431, '4111', 'บ้านดุง', 3, 29),
(432, '4112', '*หนองบัวลำภู', 3, 29),
(433, '4113', '*ศรีบุญเรือง', 3, 29),
(434, '4114', '*นากลาง', 3, 29),
(435, '4115', '*สุวรรณคูหา', 3, 29),
(436, '4116', '*โนนสัง', 3, 29),
(437, '4117', 'บ้านผือ', 3, 29),
(438, '4118', 'น้ำโสม', 3, 29),
(439, '4119', 'เพ็ญ', 3, 29),
(440, '4120', 'สร้างคอม', 3, 29),
(441, '4121', 'หนองแสง', 3, 29),
(442, '4122', 'นายูง', 3, 29),
(443, '4123', 'พิบูลย์รักษ์', 3, 29),
(444, '4124', 'กู่แก้ว', 3, 29),
(445, '4125', 'ประจักษ์ศิลปาคม', 3, 29),
(446, '4201', 'เมือง', 3, 30),
(447, '4202', 'นาด้วง', 3, 30),
(448, '4203', 'เชียงคาน', 3, 30),
(449, '4204', 'ปากชม', 3, 30),
(450, '4205', 'ด่านซ้าย', 3, 30),
(451, '4206', 'นาแห้ว', 3, 30),
(452, '4207', 'ภูเรือ', 3, 30),
(453, '4208', 'ท่าลี่', 3, 30),
(454, '4209', 'วังสะพุง', 3, 30),
(455, '4210', 'ภูกระดึง', 3, 30),
(456, '4211', 'ภูหลวง', 3, 30),
(457, '4212', 'ผาขาว', 3, 30),
(458, '4213', 'เอราวัณ', 3, 30),
(459, '4214', 'หนองหิน', 3, 30),
(460, '4301', 'เมือง', 3, 31),
(461, '4302', 'ท่าบ่อ', 3, 31),
(462, '4303', 'บึงกาฬ', 3, 31),
(463, '4304', 'พรเจริญ', 3, 31),
(464, '4305', 'โพนพิสัย', 3, 31),
(465, '4306', 'โซ่พิสัย', 3, 31),
(466, '4307', 'ศรีเชียงใหม่', 3, 31),
(467, '4308', 'สังคม', 3, 31),
(468, '4309', 'เซกา', 3, 31),
(469, '4310', 'ปากคาด', 3, 31),
(470, '4311', 'บึงโขงหลง', 3, 31),
(471, '4312', 'ศรีวิไล', 3, 31),
(472, '4313', 'บุ่งคล้า', 3, 31),
(473, '4314', 'สระใคร', 3, 31),
(474, '4315', 'เฝ้าไร่', 3, 31),
(475, '4316', 'รัตนวาปี', 3, 31),
(476, '4317', 'โพธิ์ตาก', 3, 31),
(477, '4401', 'เมือง', 3, 32),
(478, '4402', 'แกดำ', 3, 32),
(479, '4403', 'โกสุมพิสัย', 3, 32),
(480, '4404', 'กันทรวิชัย', 3, 32),
(481, '4405', 'เชียงยืน', 3, 32),
(482, '4406', 'บรบือ', 3, 32),
(483, '4407', 'นาเชือก', 3, 32),
(484, '4408', 'พยัคฆภูมิพิสัย', 3, 32),
(485, '4409', 'วาปีปทุม', 3, 32),
(486, '4410', 'นาดูน', 3, 32),
(487, '4411', 'ยางสีสุราช', 3, 32),
(488, '4412', 'กุดรัง', 3, 32),
(489, '4413', 'ชื่นชม', 3, 32),
(490, '4481', 'หลุบ', 3, 32),
(491, '4501', 'เมือง', 3, 33),
(492, '4502', 'เกษตรวิสัย', 3, 33),
(493, '4503', 'ปทุมรัตต์', 3, 33),
(494, '4504', 'จตุรพักตรพิมาน', 3, 33),
(495, '4505', 'ธวัชบุรี', 3, 33),
(496, '4506', 'พนมไพร', 3, 33),
(497, '4507', 'โพนทอง', 3, 33),
(498, '4508', 'โพธิ์ชัย', 3, 33),
(499, '4509', 'หนองพอก', 3, 33),
(500, '4510', 'เสลภูมิ', 3, 33),
(501, '4511', 'สุวรรณภูมิ', 3, 33),
(502, '4512', 'เมืองสรวง', 3, 33),
(503, '4513', 'โพนทราย', 3, 33),
(504, '4514', 'อาจสามารถ', 3, 33),
(505, '4515', 'เมยวดี', 3, 33),
(506, '4516', 'ศรีสมเด็จ', 3, 33),
(507, '4517', 'จังหาร', 3, 33),
(508, '4518', 'เชียงขวัญ', 3, 33),
(509, '4519', 'หนองฮี', 3, 33),
(510, '4520', 'ทุ่งเขาหลวง', 3, 33),
(511, '4601', 'เมือง', 3, 34),
(512, '4602', 'นามน', 3, 34),
(513, '4603', 'กมลาไสย', 3, 34),
(514, '4604', 'ร่องคำ', 3, 34),
(515, '4605', 'กุฉินารายณ์', 3, 34),
(516, '4606', 'เขาวง', 3, 34),
(517, '4607', 'ยางตลาด', 3, 34),
(518, '4608', 'ห้วยเม็ก', 3, 34),
(519, '4609', 'สหัสขันธ์', 3, 34),
(520, '4610', 'คำม่วง', 3, 34),
(521, '4611', 'ท่าคันโท', 3, 34),
(522, '4612', 'หนองกุงศรี', 3, 34),
(523, '4613', 'สมเด็จ', 3, 34),
(524, '4614', 'ห้วยผึ้ง', 3, 34),
(525, '4615', 'สามชัย', 3, 34),
(526, '4616', 'นาคู', 3, 34),
(527, '4617', 'ดอนจาน', 3, 34),
(528, '4618', 'ฆ้องชัย', 3, 34),
(529, '4701', 'เมือง', 3, 35),
(530, '4702', 'กุสุมาลย์', 3, 35),
(531, '4703', 'กุดบาก', 3, 35),
(532, '4704', 'พรรณานิคม', 3, 35),
(533, '4705', 'พังโคน', 3, 35),
(534, '4706', 'วาริชภูมิ', 3, 35),
(535, '4707', 'นิคมน้ำอูน', 3, 35),
(536, '4708', 'วานรนิวาส', 3, 35),
(537, '4709', 'คำตากล้า', 3, 35),
(538, '4710', 'บ้านม่วง', 3, 35),
(539, '4711', 'อากาศอำนวย', 3, 35),
(540, '4712', 'สว่างแดนดิน', 3, 35),
(541, '4713', 'ส่องดาว', 3, 35),
(542, '4714', 'เต่างอย', 3, 35),
(543, '4715', 'โคกศรีสุพรรณ', 3, 35),
(544, '4716', 'เจริญศิลป์', 3, 35),
(545, '4717', 'โพนนาแก้ว', 3, 35),
(546, '4718', 'ภูพาน', 3, 35),
(547, '4751', 'วานรนิวาส (สาขาตำบลกุดเรือคำ)', 3, 35),
(548, '4781', 'อ.บ้านหัน', 3, 35),
(549, '4801', 'เมือง', 3, 36),
(550, '4802', 'ปลาปาก', 3, 36),
(551, '4803', 'ท่าอุเทน', 3, 36),
(552, '4804', 'บ้านแพง', 3, 36),
(553, '4805', 'ธาตุพนม', 3, 36),
(554, '4806', 'เรณูนคร', 3, 36),
(555, '4807', 'นาแก', 3, 36),
(556, '4808', 'ศรีสงคราม', 3, 36),
(557, '4809', 'นาหว้า', 3, 36),
(558, '4810', 'โพนสวรรค์', 3, 36),
(559, '4811', 'นาทม', 3, 36),
(560, '4812', 'วังยาง', 3, 36),
(561, '4901', 'เมือง', 3, 37),
(562, '4902', 'นิคมคำสร้อย', 3, 37),
(563, '4903', 'ดอนตาล', 3, 37),
(564, '4904', 'ดงหลวง', 3, 37),
(565, '4905', 'คำชะอี', 3, 37),
(566, '4906', 'หว้านใหญ่', 3, 37),
(567, '4907', 'หนองสูง', 3, 37),
(568, '5001', 'เมือง', 1, 38),
(569, '5002', 'จอมทอง', 1, 38),
(570, '5003', 'แม่แจ่ม', 1, 38),
(571, '5004', 'เชียงดาว', 1, 38),
(572, '5005', 'ดอยสะเก็ด', 1, 38),
(573, '5006', 'แม่แตง', 1, 38),
(574, '5007', 'แม่ริม', 1, 38),
(575, '5008', 'สะเมิง', 1, 38),
(576, '5009', 'ฝาง', 1, 38),
(577, '5010', 'แม่อาย', 1, 38),
(578, '5011', 'พร้าว', 1, 38),
(579, '5012', 'สันป่าตอง', 1, 38),
(580, '5013', 'สันกำแพง', 1, 38),
(581, '5014', 'สันทราย', 1, 38),
(582, '5015', 'หางดง', 1, 38),
(583, '5016', 'ฮอด', 1, 38),
(584, '5017', 'ดอยเต่า', 1, 38),
(585, '5018', 'อมก๋อย', 1, 38),
(586, '5019', 'สารภี', 1, 38),
(587, '5020', 'เวียงแหง', 1, 38),
(588, '5021', 'ไชยปราการ', 1, 38),
(589, '5022', 'แม่วาง', 1, 38),
(590, '5023', 'แม่ออน', 1, 38),
(591, '5024', 'ดอยหล่อ', 1, 38),
(592, '5051', 'เทศบาลนครเชียงใหม่ (สาขาแขวงกาลวิละ)', 1, 38),
(593, '5052', 'เทศบาลนครเชียงใหม่ (สาขาแขวงศรีวิชัย)', 1, 38),
(594, '5053', 'เทศบาลนครเชียงใหม่ (สาขาเม็งราย)', 1, 38),
(595, '5101', 'เมือง', 1, 39),
(596, '5102', 'แม่ทา', 1, 39),
(597, '5103', 'บ้านโฮ่ง', 1, 39),
(598, '5104', 'ลี้', 1, 39),
(599, '5105', 'ทุ่งหัวช้าง', 1, 39),
(600, '5106', 'ป่าซาง', 1, 39),
(601, '5107', 'บ้านธิ', 1, 39),
(602, '5108', 'เวียงหนองล่อง', 1, 39),
(603, '5201', 'เมือง', 1, 40),
(604, '5202', 'แม่เมาะ', 1, 40),
(605, '5203', 'เกาะคา', 1, 40),
(606, '5204', 'เสริมงาม', 1, 40),
(607, '5205', 'งาว', 1, 40),
(608, '5206', 'แจ้ห่ม', 1, 40),
(609, '5207', 'วังเหนือ', 1, 40),
(610, '5208', 'เถิน', 1, 40),
(611, '5209', 'แม่พริก', 1, 40),
(612, '5210', 'แม่ทะ', 1, 40),
(613, '5211', 'สบปราบ', 1, 40),
(614, '5212', 'ห้างฉัตร', 1, 40),
(615, '5213', 'เมืองปาน', 1, 40),
(616, '5301', 'เมือง', 1, 41),
(617, '5302', 'ตรอน', 1, 41),
(618, '5303', 'ท่าปลา', 1, 41),
(619, '5304', 'น้ำปาด', 1, 41),
(620, '5305', 'ฟากท่า', 1, 41),
(621, '5306', 'บ้านโคก', 1, 41),
(622, '5307', 'พิชัย', 1, 41),
(623, '5308', 'ลับแล', 1, 41),
(624, '5309', 'ทองแสนขัน', 1, 41),
(625, '5401', 'เมือง', 1, 42),
(626, '5402', 'ร้องกวาง', 1, 42),
(627, '5403', 'ลอง', 1, 42),
(628, '5404', 'สูงเม่น', 1, 42),
(629, '5405', 'เด่นชัย', 1, 42),
(630, '5406', 'สอง', 1, 42),
(631, '5407', 'วังชิ้น', 1, 42),
(632, '5408', 'หนองม่วงไข่', 1, 42),
(633, '5501', 'เมือง', 1, 43),
(634, '5502', 'แม่จริม', 1, 43),
(635, '5503', 'บ้านหลวง', 1, 43),
(636, '5504', 'นาน้อย', 1, 43),
(637, '5505', 'ปัว', 1, 43),
(638, '5506', 'ท่าวังผา', 1, 43),
(639, '5507', 'เวียงสา', 1, 43),
(640, '5508', 'ทุ่งช้าง', 1, 43),
(641, '5509', 'เชียงกลาง', 1, 43),
(642, '5510', 'นาหมื่น', 1, 43),
(643, '5511', 'สันติสุข', 1, 43),
(644, '5512', 'บ่อเกลือ', 1, 43),
(645, '5513', 'สองแคว', 1, 43),
(646, '5514', 'ภูเพียง', 1, 43),
(647, '5515', 'เฉลิมพระเกียรติ', 1, 43),
(648, '5601', 'เมือง', 1, 44),
(649, '5602', 'จุน', 1, 44),
(650, '5603', 'เชียงคำ', 1, 44),
(651, '5604', 'เชียงม่วน', 1, 44),
(652, '5605', 'ดอกคำใต้', 1, 44),
(653, '5606', 'ปง', 1, 44),
(654, '5607', 'แม่ใจ', 1, 44),
(655, '5608', 'ภูซาง', 1, 44),
(656, '5609', 'ภูกามยาว', 1, 44),
(657, '5701', 'เมือง', 1, 45),
(658, '5702', 'เวียงชัย', 1, 45),
(659, '5703', 'เชียงของ', 1, 45),
(660, '5704', 'เทิง', 1, 45),
(661, '5705', 'พาน', 1, 45),
(662, '5706', 'ป่าแดด', 1, 45),
(663, '5707', 'แม่จัน', 1, 45),
(664, '5708', 'เชียงแสน', 1, 45),
(665, '5709', 'แม่สาย', 1, 45),
(666, '5710', 'แม่สรวย', 1, 45),
(667, '5711', 'เวียงป่าเป้า', 1, 45),
(668, '5712', 'พญาเม็งราย', 1, 45),
(669, '5713', 'เวียงแก่น', 1, 45),
(670, '5714', 'ขุนตาล', 1, 45),
(671, '5715', 'แม่ฟ้าหลวง', 1, 45),
(672, '5716', 'แม่ลาว', 1, 45),
(673, '5717', 'เวียงเชียงรุ้ง', 1, 45),
(674, '5718', 'ดอยหลวง', 1, 45),
(675, '5801', 'เมือง', 1, 46),
(676, '5802', 'ขุนยวม', 1, 46),
(677, '5803', 'ปาย', 1, 46),
(678, '5804', 'แม่สะเรียง', 1, 46),
(679, '5805', 'แม่ลาน้อย', 1, 46),
(680, '5806', 'สบเมย', 1, 46),
(681, '5807', 'ปางมะผ้า', 1, 46),
(682, '5881', 'อ.ม่วยต่อ', 1, 46),
(683, '6001', 'เมือง', 2, 47),
(684, '6002', 'โกรกพระ', 2, 47),
(685, '6003', 'ชุมแสง', 2, 47),
(686, '6004', 'หนองบัว', 2, 47),
(687, '6005', 'บรรพตพิสัย', 2, 47),
(688, '6006', 'เก้าเลี้ยว', 2, 47),
(689, '6007', 'ตาคลี', 2, 47),
(690, '6008', 'ท่าตะโก', 2, 47),
(691, '6009', 'ไพศาลี', 2, 47),
(692, '6010', 'พยุหะคีรี', 2, 47),
(693, '6011', 'ลาดยาว', 2, 47),
(694, '6012', 'ตากฟ้า', 2, 47),
(695, '6013', 'แม่วงก์', 2, 47),
(696, '6014', 'แม่เปิน', 2, 47),
(697, '6015', 'ชุมตาบง', 2, 47),
(698, '6051', 'สาขาตำบลห้วยน้ำหอม', 2, 47),
(699, '6052', 'กิ่งอำเภอชุมตาบง (สาขาตำบลชุมตาบง)', 2, 47),
(700, '6053', 'แม่วงก์ (สาขาตำบลแม่เล่ย์)', 2, 47),
(701, '6101', 'เมือง', 2, 48),
(702, '6102', 'ทัพทัน', 2, 48),
(703, '6103', 'สว่างอารมณ์', 2, 48),
(704, '6104', 'หนองฉาง', 2, 48),
(705, '6105', 'หนองขาหย่าง', 2, 48),
(706, '6106', 'บ้านไร่', 2, 48),
(707, '6107', 'ลานสัก', 2, 48),
(708, '6108', 'ห้วยคต', 2, 48),
(709, '6201', 'เมือง', 2, 49),
(710, '6202', 'ไทรงาม', 2, 49),
(711, '6203', 'คลองลาน', 2, 49),
(712, '6204', 'ขาณุวรลักษบุรี', 2, 49),
(713, '6205', 'คลองขลุง', 2, 49),
(714, '6206', 'พรานกระต่าย', 2, 49),
(715, '6207', 'ลานกระบือ', 2, 49),
(716, '6208', 'ทรายทองวัฒนา', 2, 49),
(717, '6209', 'ปางศิลาทอง', 2, 49),
(718, '6210', 'บึงสามัคคี', 2, 49),
(719, '6211', 'โกสัมพีนคร', 2, 49),
(720, '6301', 'เมือง', 4, 50),
(721, '6302', 'บ้านตาก', 4, 50),
(722, '6303', 'สามเงา', 4, 50),
(723, '6304', 'แม่ระมาด', 4, 50),
(724, '6305', 'ท่าสองยาง', 4, 50),
(725, '6306', 'แม่สอด', 4, 50),
(726, '6307', 'พบพระ', 4, 50),
(727, '6308', 'อุ้มผาง', 4, 50),
(728, '6309', 'วังเจ้า', 4, 50),
(729, '6381', 'กิ่ง อ.ท่าปุย', 4, 50),
(730, '6401', 'เมือง', 2, 51),
(731, '6402', 'บ้านด่านลานหอย', 2, 51),
(732, '6403', 'คีรีมาศ', 2, 51),
(733, '6404', 'กงไกรลาศ', 2, 51),
(734, '6405', 'ศรีสัชนาลัย', 2, 51),
(735, '6406', 'ศรีสำโรง', 2, 51),
(736, '6407', 'สวรรคโลก', 2, 51),
(737, '6408', 'ศรีนคร', 2, 51),
(738, '6409', 'ทุ่งเสลี่ยม', 2, 51),
(739, '6501', 'เมือง', 2, 52),
(740, '6502', 'นครไทย', 2, 52),
(741, '6503', 'ชาติตระการ', 2, 52),
(742, '6504', 'บางระกำ', 2, 52),
(743, '6505', 'บางกระทุ่ม', 2, 52),
(744, '6506', 'พรหมพิราม', 2, 52),
(745, '6507', 'วัดโบสถ์', 2, 52),
(746, '6508', 'วังทอง', 2, 52),
(747, '6509', 'เนินมะปราง', 2, 52),
(748, '6601', 'เมือง', 2, 53),
(749, '6602', 'วังทรายพูน', 2, 53),
(750, '6603', 'โพธิ์ประทับช้าง', 2, 53),
(751, '6604', 'ตะพานหิน', 2, 53),
(752, '6605', 'บางมูลนาก', 2, 53),
(753, '6606', 'โพทะเล', 2, 53),
(754, '6607', 'สามง่าม', 2, 53),
(755, '6608', 'ทับคล้อ', 2, 53),
(756, '6609', 'สากเหล็ก', 2, 53),
(757, '6610', 'บึงนาราง', 2, 53),
(758, '6611', 'ดงเจริญ', 2, 53),
(759, '6612', 'วชิรบารมี', 2, 53),
(760, '6701', 'เมือง', 2, 54),
(761, '6702', 'ชนแดน', 2, 54),
(762, '6703', 'หล่มสัก', 2, 54),
(763, '6704', 'หล่มเก่า', 2, 54),
(764, '6705', 'วิเชียรบุรี', 2, 54),
(765, '6706', 'ศรีเทพ', 2, 54),
(766, '6707', 'หนองไผ่', 2, 54),
(767, '6708', 'บึงสามพัน', 2, 54),
(768, '6709', 'น้ำหนาว', 2, 54),
(769, '6710', 'วังโป่ง', 2, 54),
(770, '6711', 'เขาค้อ', 2, 54),
(771, '7001', 'เมือง', 4, 55),
(772, '7002', 'จอมบึง', 4, 55),
(773, '7003', 'สวนผึ้ง', 4, 55),
(774, '7004', 'ดำเนินสะดวก', 4, 55),
(775, '7005', 'บ้านโป่ง', 4, 55),
(776, '7006', 'บางแพ', 4, 55),
(777, '7007', 'โพธาราม', 4, 55),
(778, '7008', 'ปากท่อ', 4, 55),
(779, '7009', 'วัดเพลง', 4, 55),
(780, '7010', 'บ้านคา', 4, 55),
(781, '7074', 'ท้องถิ่นเทศบาลตำบลบ้านฆ้อง', 4, 55),
(782, '7101', 'เมือง', 4, 56),
(783, '7102', 'ไทรโยค', 4, 56),
(784, '7103', 'บ่อพลอย', 4, 56),
(785, '7104', 'ศรีสวัสดิ์', 4, 56),
(786, '7105', 'ท่ามะกา', 4, 56),
(787, '7106', 'ท่าม่วง', 4, 56),
(788, '7107', 'ทองผาภูมิ', 4, 56),
(789, '7108', 'สังขละบุรี', 4, 56),
(790, '7109', 'พนมทวน', 4, 56),
(791, '7110', 'เลาขวัญ', 4, 56),
(792, '7111', 'ด่านมะขามเตี้ย', 4, 56),
(793, '7112', 'หนองปรือ', 4, 56),
(794, '7113', 'ห้วยกระเจา', 4, 56),
(795, '7151', 'สาขาตำบลท่ากระดาน', 4, 56),
(796, '7181', 'บ้านทวน', 4, 56),
(797, '7201', 'เมือง', 2, 57),
(798, '7202', 'เดิมบางนางบวช', 2, 57),
(799, '7203', 'ด่านช้าง', 2, 57),
(800, '7204', 'บางปลาม้า', 2, 57),
(801, '7205', 'ศรีประจันต์', 2, 57),
(802, '7206', 'ดอนเจดีย์', 2, 57),
(803, '7207', 'สองพี่น้อง', 2, 57),
(804, '7208', 'สามชุก', 2, 57),
(805, '7209', 'อู่ทอง', 2, 57),
(806, '7210', 'หนองหญ้าไซ', 2, 57),
(807, '7301', 'เมือง', 2, 58),
(808, '7302', 'กำแพงแสน', 2, 58),
(809, '7303', 'นครชัยศรี', 2, 58),
(810, '7304', 'ดอนตูม', 2, 58),
(811, '7305', 'บางเลน', 2, 58),
(812, '7306', 'สามพราน', 2, 58),
(813, '7307', 'พุทธมณฑล', 2, 58),
(814, '7401', 'เมือง', 2, 59),
(815, '7402', 'กระทุ่มแบน', 2, 59),
(816, '7403', 'บ้านแพ้ว', 2, 59),
(817, '7501', 'เมือง', 2, 60),
(818, '7502', 'บางคนที', 2, 60),
(819, '7503', 'อัมพวา', 2, 60),
(820, '7601', 'เมือง', 4, 61),
(821, '7602', 'เขาย้อย', 4, 61),
(822, '7603', 'หนองหญ้าปล้อง', 4, 61),
(823, '7604', 'ชะอำ', 4, 61),
(824, '7605', 'ท่ายาง', 4, 61),
(825, '7606', 'บ้านลาด', 4, 61),
(826, '7607', 'บ้านแหลม', 4, 61),
(827, '7608', 'แก่งกระจาน', 4, 61),
(828, '7701', 'เมือง', 4, 62),
(829, '7702', 'กุยบุรี', 4, 62),
(830, '7703', 'ทับสะแก', 4, 62),
(831, '7704', 'บางสะพาน', 4, 62),
(832, '7705', 'บางสะพานน้อย', 4, 62),
(833, '7706', 'ปราณบุรี', 4, 62),
(834, '7707', 'หัวหิน', 4, 62),
(835, '7708', 'สามร้อยยอด', 4, 62),
(836, '8001', 'เมือง', 6, 63),
(837, '8002', 'พรหมคีรี', 6, 63),
(838, '8003', 'ลานสกา', 6, 63),
(839, '8004', 'ฉวาง', 6, 63),
(840, '8005', 'พิปูน', 6, 63),
(841, '8006', 'เชียรใหญ่', 6, 63),
(842, '8007', 'ชะอวด', 6, 63),
(843, '8008', 'ท่าศาลา', 6, 63),
(844, '8009', 'ทุ่งสง', 6, 63),
(845, '8010', 'นาบอน', 6, 63),
(846, '8011', 'ทุ่งใหญ่', 6, 63),
(847, '8012', 'ปากพนัง', 6, 63),
(848, '8013', 'ร่อนพิบูลย์', 6, 63),
(849, '8014', 'สิชล', 6, 63),
(850, '8015', 'ขนอม', 6, 63),
(851, '8016', 'หัวไทร', 6, 63),
(852, '8017', 'บางขัน', 6, 63),
(853, '8018', 'ถ้ำพรรณรา', 6, 63),
(854, '8019', 'จุฬาภรณ์', 6, 63),
(855, '8020', 'พระพรหม', 6, 63),
(856, '8021', 'นบพิตำ', 6, 63),
(857, '8022', 'ช้างกลาง', 6, 63),
(858, '8023', 'เฉลิมพระเกียรติ', 6, 63),
(859, '8051', 'เชียรใหญ่ (สาขาตำบลเสือหึง)', 6, 63),
(860, '8052', 'สาขาตำบลสวนหลวง', 6, 63),
(861, '8053', 'ร่อนพิบูลย์ (สาขาตำบลหินตก)', 6, 63),
(862, '8054', 'หัวไทร (สาขาตำบลควนชะลิก)', 6, 63),
(863, '8055', 'ทุ่งสง (สาขาตำบลกะปาง)', 6, 63),
(864, '8101', 'เมือง', 6, 64),
(865, '8102', 'เขาพนม', 6, 64),
(866, '8103', 'เกาะลันตา', 6, 64),
(867, '8104', 'คลองท่อม', 6, 64),
(868, '8105', 'อ่าวลึก', 6, 64),
(869, '8106', 'ปลายพระยา', 6, 64),
(870, '8107', 'ลำทับ', 6, 64),
(871, '8108', 'เหนือคลอง', 6, 64),
(872, '8201', 'เมือง', 6, 65),
(873, '8202', 'เกาะยาว', 6, 65),
(874, '8203', 'กะปง', 6, 65),
(875, '8204', 'ตะกั่วทุ่ง', 6, 65),
(876, '8205', 'ตะกั่วป่า', 6, 65),
(877, '8206', 'คุระบุรี', 6, 65),
(878, '8207', 'ทับปุด', 6, 65),
(879, '8208', 'ท้ายเหมือง', 6, 65),
(880, '8301', 'เมือง', 6, 66),
(881, '8302', 'กะทู้', 6, 66),
(882, '8303', 'ถลาง', 6, 66),
(883, '8381', 'ทุ่งคา', 6, 66),
(884, '8401', 'เมือง', 6, 67),
(885, '8402', 'กาญจนดิษฐ์', 6, 67),
(886, '8403', 'ดอนสัก', 6, 67),
(887, '8404', 'เกาะสมุย', 6, 67),
(888, '8405', 'เกาะพะงัน', 6, 67),
(889, '8406', 'ไชยา', 6, 67),
(890, '8407', 'ท่าชนะ', 6, 67),
(891, '8408', 'คีรีรัฐนิคม', 6, 67),
(892, '8409', 'บ้านตาขุน', 6, 67),
(893, '8410', 'พนม', 6, 67),
(894, '8411', 'ท่าฉาง', 6, 67),
(895, '8412', 'บ้านนาสาร', 6, 67),
(896, '8413', 'บ้านนาเดิม', 6, 67),
(897, '8414', 'เคียนซา', 6, 67),
(898, '8415', 'เวียงสระ', 6, 67),
(899, '8416', 'พระแสง', 6, 67),
(900, '8417', 'พุนพิน', 6, 67),
(901, '8418', 'ชัยบุรี', 6, 67),
(902, '8419', 'วิภาวดี', 6, 67),
(903, '8451', 'เกาะพงัน (สาขาตำบลเกาะเต่า)', 6, 67),
(904, '8481', 'อ.บ้านดอน', 6, 67),
(905, '8501', 'เมือง', 6, 68),
(906, '8502', 'ละอุ่น', 6, 68),
(907, '8503', 'กะเปอร์', 6, 68),
(908, '8504', 'กระบุรี', 6, 68),
(909, '8505', 'สุขสำราญ', 6, 68),
(910, '8601', 'เมือง', 6, 69),
(911, '8602', 'ท่าแซะ', 6, 69),
(912, '8603', 'ปะทิว', 6, 69),
(913, '8604', 'หลังสวน', 6, 69),
(914, '8605', 'ละแม', 6, 69),
(915, '8606', 'พะโต๊ะ', 6, 69),
(916, '8607', 'สวี', 6, 69),
(917, '8608', 'ทุ่งตะโก', 6, 69),
(918, '9001', 'เมือง', 6, 70),
(919, '9002', 'สทิงพระ', 6, 70),
(920, '9003', 'จะนะ', 6, 70),
(921, '9004', 'นาทวี', 6, 70),
(922, '9005', 'เทพา', 6, 70),
(923, '9006', 'สะบ้าย้อย', 6, 70),
(924, '9007', 'ระโนด', 6, 70),
(925, '9008', 'กระแสสินธุ์', 6, 70),
(926, '9009', 'รัตภูมิ', 6, 70),
(927, '9010', 'สะเดา', 6, 70),
(928, '9011', 'หาดใหญ่', 6, 70),
(929, '9012', 'นาหม่อม', 6, 70),
(930, '9013', 'ควนเนียง', 6, 70),
(931, '9014', 'บางกล่ำ', 6, 70),
(932, '9015', 'สิงหนคร', 6, 70),
(933, '9016', 'คลองหอยโข่ง', 6, 70),
(934, '9077', 'ท้องถิ่นเทศบาลตำบลสำนักขาม*', 6, 70),
(935, '9096', 'เทศบาลเมืองบ้านพรุ', 6, 70),
(936, '9101', 'เมือง', 6, 71),
(937, '9102', 'ควนโดน', 6, 71),
(938, '9103', 'ควนกาหลง', 6, 71),
(939, '9104', 'ท่าแพ', 6, 71),
(940, '9105', 'ละงู', 6, 71),
(941, '9106', 'ทุ่งหว้า', 6, 71),
(942, '9107', 'มะนัง', 6, 71),
(943, '9201', 'เมือง', 6, 72),
(944, '9202', 'กันตัง', 6, 72),
(945, '9203', 'ย่านตาขาว', 6, 72),
(946, '9204', 'ปะเหลียน', 6, 72),
(947, '9205', 'สิเกา', 6, 72),
(948, '9206', 'ห้วยยอด', 6, 72),
(949, '9207', 'วังวิเศษ', 6, 72),
(950, '9208', 'นาโยง', 6, 72),
(951, '9209', 'รัษฎา', 6, 72),
(952, '9210', 'หาดสำราญ', 6, 72),
(953, '9251', 'อำเภอเมืองตรัง(สาขาคลองเต็ง)', 6, 72),
(954, '9301', 'เมือง', 6, 73),
(955, '9302', 'กงหรา', 6, 73),
(956, '9303', 'เขาชัยสน', 6, 73),
(957, '9304', 'ตะโหมด', 6, 73),
(958, '9305', 'ควนขนุน', 6, 73),
(959, '9306', 'ปากพะยูน', 6, 73),
(960, '9307', 'ศรีบรรพต', 6, 73),
(961, '9308', 'ป่าบอน', 6, 73),
(962, '9309', 'บางแก้ว', 6, 73),
(963, '9310', 'ป่าพะยอม', 6, 73),
(964, '9311', 'ศรีนครินทร์', 6, 73),
(965, '9401', 'เมือง', 6, 74),
(966, '9402', 'โคกโพธิ์', 6, 74),
(967, '9403', 'หนองจิก', 6, 74),
(968, '9404', 'ปะนาเระ', 6, 74),
(969, '9405', 'มายอ', 6, 74),
(970, '9406', 'ทุ่งยางแดง', 6, 74),
(971, '9407', 'สายบุรี', 6, 74),
(972, '9408', 'ไม้แก่น', 6, 74),
(973, '9409', 'ยะหริ่ง', 6, 74),
(974, '9410', 'ยะรัง', 6, 74),
(975, '9411', 'กะพ้อ', 6, 74),
(976, '9412', 'แม่ลาน', 6, 74),
(977, '9501', 'เมือง', 6, 75),
(978, '9502', 'เบตง', 6, 75),
(979, '9503', 'บันนังสตา', 6, 75),
(980, '9504', 'ธารโต', 6, 75),
(981, '9505', 'ยะหา', 6, 75),
(982, '9506', 'รามัน', 6, 75),
(983, '9507', 'กาบัง', 6, 75),
(984, '9508', 'กรงปินัง', 6, 75),
(985, '9601', 'เมือง', 6, 76),
(986, '9602', 'ตากใบ', 6, 76),
(987, '9603', 'บาเจาะ', 6, 76),
(988, '9604', 'ยี่งอ', 6, 76),
(989, '9605', 'ระแงะ', 6, 76),
(990, '9606', 'รือเสาะ', 6, 76),
(991, '9607', 'ศรีสาคร', 6, 76),
(992, '9608', 'แว้ง', 6, 76),
(993, '9609', 'สุคิริน', 6, 76),
(994, '9610', 'สุไหงโก-ลก', 6, 76),
(995, '9611', 'สุไหงปาดี', 6, 76),
(996, '9612', 'จะแนะ', 6, 76),
(997, '9613', 'เจาะไอร้อง', 6, 76),
(998, '9681', 'อ.บางนรา', 6, 76);

-- --------------------------------------------------------

--
-- Table structure for table `average`
--

CREATE TABLE `average` (
  `average_id` int(11) NOT NULL,
  `average` float NOT NULL,
  `term` int(11) NOT NULL,
  `year` int(4) NOT NULL,
  `id_card` varchar(13) NOT NULL,
  `school_id` varchar(20) NOT NULL
) ENGINE=InnoDB DEFAULT CHARSET=utf8;

--
-- Dumping data for table `average`
--

INSERT INTO `average` (`average_id`, `average`, `term`, `year`, `id_card`, `school_id`) VALUES
(1, 3.55556, 1, 2559, '4511233212252', '574681543322'),
(2, 0, 2, 2559, '5444522423365', '574681543322'),
(3, 0, 1, 2559, '456554522235', '574681543322'),
(4, 2.57143, 1, 2559, '5444522423365', '574681543322');

-- --------------------------------------------------------

--
-- Table structure for table `budget`
--

CREATE TABLE `budget` (
  `id` int(11) NOT NULL,
  `n1` int(11) NOT NULL,
  `n2` int(11) NOT NULL,
  `n3` int(11) NOT NULL,
  `n4` int(11) NOT NULL,
  `n5` int(11) NOT NULL,
  `n6` int(11) NOT NULL,
  `n7` int(11) NOT NULL,
  `n8` int(11) NOT NULL,
  `n9` int(11) NOT NULL,
  `n10` int(11) NOT NULL,
  `n11` int(11) NOT NULL,
  `n12` int(11) NOT NULL,
  `n13` int(11) NOT NULL,
  `n14` int(11) NOT NULL,
  `n15` int(11) NOT NULL,
  `n16` int(11) NOT NULL,
  `n17` int(11) NOT NULL,
  `n18` int(11) NOT NULL,
  `n19` int(11) NOT NULL,
  `n20` int(11) NOT NULL,
  `year` varchar(4) COLLATE utf8mb4_unicode_ci NOT NULL,
  `school_id` varchar(20) COLLATE utf8mb4_unicode_ci NOT NULL
) ENGINE=InnoDB DEFAULT CHARSET=utf8mb4 COLLATE=utf8mb4_unicode_ci;

--
-- Dumping data for table `budget`
--

INSERT INTO `budget` (`id`, `n1`, `n2`, `n3`, `n4`, `n5`, `n6`, `n7`, `n8`, `n9`, `n10`, `n11`, `n12`, `n13`, `n14`, `n15`, `n16`, `n17`, `n18`, `n19`, `n20`, `year`, `school_id`) VALUES
(4, 10000, 10000, 10000, 10000, 10000, 10000, 10000, 10000, 10000, 10000, 10000, 10000, 10000, 10000, 10000, 10000, 10000, 10000, 10000, 10000, '2559', '574681543322');

-- --------------------------------------------------------

--
-- Table structure for table `grade`
--

CREATE TABLE `grade` (
  `id` int(11) NOT NULL,
  `subject` varchar(100) COLLATE utf8mb4_unicode_ci NOT NULL,
  `unit` int(1) NOT NULL COMMENT 'หน่วยกิต',
  `term` varchar(1) COLLATE utf8mb4_unicode_ci NOT NULL,
  `max_score` int(3) NOT NULL,
  `score` int(3) NOT NULL,
  `grade` float NOT NULL,
  `sud` int(11) NOT NULL,
  `year` varchar(4) COLLATE utf8mb4_unicode_ci NOT NULL,
  `class` varchar(10) COLLATE utf8mb4_unicode_ci NOT NULL,
  `room` varchar(10) COLLATE utf8mb4_unicode_ci NOT NULL,
  `id_card` varchar(20) COLLATE utf8mb4_unicode_ci NOT NULL,
  `school_id` varchar(20) COLLATE utf8mb4_unicode_ci NOT NULL
) ENGINE=InnoDB DEFAULT CHARSET=utf8mb4 COLLATE=utf8mb4_unicode_ci;

--
-- Dumping data for table `grade`
--

INSERT INTO `grade` (`id`, `subject`, `unit`, `term`, `max_score`, `score`, `grade`, `sud`, `year`, `class`, `room`, `id_card`, `school_id`) VALUES
(18, 'ภาษาไทย', 3, '1', 100, 100, 4, 12, '2559', 'ป.6', '2', '5488155135523', '574681543322'),
(19, 'คณิตศาสตร์', 3, '1', 100, 80, 3, 9, '2559', 'ป.6', '2', '5488155135523', '574681543322'),
(20, 'ศิลปะ', 3, '1', 100, 60, 2, 6, '2559', 'ป.6', '2', '5488155135523', '574681543322'),
(21, 'สุขศึกษา', 3, '1', 100, 80, 4, 12, '2559', 'ป.6', '2', '5488155135523', '574681543322'),
(22, 'สุขศึกษา', 3, '1', 100, 60, 2, 6, '2559', 'ป.6', '2', '5444522423365', '574681543322'),
(23, 'คณิตศาสตร์', 3, '1', 100, 50, 1, 6, '2559', 'ป.6', '2', '5444522423365', '574681543322'),
(24, 'ศิลปะ', 3, '1', 100, 90, 4, 12, '2559', 'ป.6', '2', '5444522423365', '574681543322'),
(25, 'ภาษาไทย', 3, '1', 100, 60, 2, 6, '2559', 'ป.6', '2', '5444522423365', '574681543322'),
(27, 'ภาษาไทย', 3, '1', 100, 50, 1, 3, '2559', 'ป.6', '2', '6522133210021', '574681543322'),
(28, 'วิทยาศาสตร์', 2, '1', 100, 70, 3, 6, '2559', 'ป.6', '2', '5444522423365', '574681543322'),
(35, 'คณิตศาสตร์', 3, '1', 100, 70, 2.5, 8, '2559', 'ป.6', '2', '4511233212252', '574681543322'),
(54, 'ศิลปะ', 3, '1', 100, 70, 4, 12, '2559', 'ป.6', '2', '4511233212252', '574681543322'),
(55, 'ภาษาอังกฤษ', 3, '1', 100, 90, 4, 12, '2559', 'ป.6', '2', '4511233212252', '574681543322'),
(59, 'ภาษาอังกฤษ', 3, '2', 100, 90, 4, 12, '2559', 'ป.6', '2', '4511233212252', '574681543322');

-- --------------------------------------------------------

--
-- Table structure for table `login`
--

CREATE TABLE `login` (
  `username` varchar(20) COLLATE utf8mb4_unicode_ci NOT NULL,
  `password` varchar(20) COLLATE utf8mb4_unicode_ci NOT NULL,
  `role` varchar(20) COLLATE utf8mb4_unicode_ci NOT NULL,
  `id_card` varchar(13) COLLATE utf8mb4_unicode_ci NOT NULL
) ENGINE=InnoDB DEFAULT CHARSET=utf8mb4 COLLATE=utf8mb4_unicode_ci;

--
-- Dumping data for table `login`
--

INSERT INTO `login` (`username`, `password`, `role`, `id_card`) VALUES
('aaaaaaaaa', '123456789', '', '1844652132546'),
('admin1', '123456789', 'teacher', '1800900134462'),
('admin10', '123456789', 'country', '645865322241'),
('admin2', '123456789', 'chief', '5899632585521'),
('admin5', '123456789', 'administration', '1800211546623'),
('admin7', '123456789', 'director', '5488155135523'),
('admin9', '123456789', 'province', '2544566854421'),
('teacher1', '123456789', 'chief', '1555444622211');

-- --------------------------------------------------------

--
-- Table structure for table `onet`
--

CREATE TABLE `onet` (
  `id` int(11) NOT NULL,
  `subject` varchar(100) COLLATE utf8mb4_unicode_ci NOT NULL,
  `max_score` int(5) NOT NULL,
  `score` int(5) NOT NULL,
  `level` float NOT NULL,
  `class` varchar(50) COLLATE utf8mb4_unicode_ci NOT NULL,
  `year` varchar(4) COLLATE utf8mb4_unicode_ci NOT NULL,
  `id_card` varchar(20) COLLATE utf8mb4_unicode_ci NOT NULL,
  `school_id` varchar(20) COLLATE utf8mb4_unicode_ci NOT NULL
) ENGINE=InnoDB DEFAULT CHARSET=utf8mb4 COLLATE=utf8mb4_unicode_ci;

--
-- Dumping data for table `onet`
--

INSERT INTO `onet` (`id`, `subject`, `max_score`, `score`, `level`, `class`, `year`, `id_card`, `school_id`) VALUES
(18, 'ภาษาไทย', 100, 70, 3, 'ป.6', '2559', '1800900107791', '574681543322'),
(19, 'คณิตศาสตร์', 100, 80, 4, 'ป.6', '2559', '1800900107791', '574681543322'),
(20, 'วิทยาศาสตร์', 100, 64, 2, 'ป.6', '2559', '1800900107791', '574681543322'),
(22, 'ศิลปะ', 100, 75, 3.5, 'ป.6', '2559', '1800900107791', '574681543322'),
(23, 'การงานอาชีพและเทคโนโลยี', 100, 63, 2, 'ป.6', '2559', '1800900107791', '574681543322'),
(24, 'สังคมศึกษา ศาสนา และวัฒนธรรม', 100, 78, 3.5, 'ป.6', '2559', '1800900107791', '574681543322'),
(25, 'ภาษาอังกฤษ', 100, 43, 1, 'ป.6', '2559', '1800900107791', '574681543322'),
(26, 'สุขศึกษาและพลศึกษา', 100, 63, 2.5, 'ป.6', '2559', '1800900107791', '574681543322'),
(27, 'ภาษาไทย', 100, 63, 2.5, 'ป.6', '2559', '5444522423365', '574681543322'),
(28, 'คณิตศาสตร์', 100, 78, 3.5, 'ป.6', '2559', '5444522423365', '574681543322'),
(29, 'วิทยาศาสตร์', 100, 65, 2.5, 'ป.6', '2559', '5444522423365', '574681543322'),
(30, 'ศิลปะ', 100, 64, 2.5, 'ป.6', '2559', '5444522423365', '574681543322'),
(31, 'การงานอาชีพและเทคโนโลยี', 100, 69, 2.5, 'ป.6', '2559', '5444522423365', '574681543322'),
(32, 'สังคมศึกษา ศาสนา และวัฒนธรรม', 100, 80, 4, 'ป.6', '2559', '5444522423365', '574681543322'),
(33, 'ภาษาอังกฤษ', 100, 70, 3, 'ป.6', '2559', '5444522423365', '574681543322'),
(34, 'สุขศึกษาและพลศึกษา', 100, 78, 3.5, 'ป.6', '2559', '5444522423365', '574681543322'),
(35, 'ภาษาไทย', 100, 70, 3, 'ป.6', '2559', '5488155135523', '574681543322'),
(36, 'คณิตศาสตร์', 100, 80, 4, 'ป.6', '2559', '5488155135523', '574681543322'),
(37, 'วิทยาศาสตร์', 100, 64, 2, 'ป.6', '2559', '5488155135523', '574681543322'),
(38, 'ศิลปะ', 100, 75, 3.5, 'ป.6', '2559', '5488155135523', '574681543322'),
(39, 'การงานอาชีพและเทคโนโลยี', 100, 63, 2, 'ป.6', '2559', '5488155135523', '574681543322'),
(40, 'สังคมศึกษา ศาสนา และวัฒนธรรม', 100, 78, 3.5, 'ป.6', '2559', '5488155135523', '574681543322'),
(41, 'ภาษาอังกฤษ', 100, 43, 1, 'ป.6', '2559', '5488155135523', '574681543322'),
(42, 'สุขศึกษาและพลศึกษา', 100, 63, 2, 'ป.6', '2559', '5488155135523', '574681543322');

-- --------------------------------------------------------

--
-- Table structure for table `personnel`
--

CREATE TABLE `personnel` (
  `id` int(11) NOT NULL,
  `id_card` varchar(13) COLLATE utf8mb4_unicode_ci NOT NULL,
  `personnel_id` varchar(20) COLLATE utf8mb4_unicode_ci NOT NULL,
  `sub_name` varchar(20) COLLATE utf8mb4_unicode_ci NOT NULL,
  `first_name_th` varchar(100) COLLATE utf8mb4_unicode_ci NOT NULL,
  `last_name_th` varchar(100) COLLATE utf8mb4_unicode_ci NOT NULL,
  `first_name_en` varchar(100) COLLATE utf8mb4_unicode_ci NOT NULL,
  `last_name_en` varchar(100) COLLATE utf8mb4_unicode_ci NOT NULL,
  `gender` varchar(5) COLLATE utf8mb4_unicode_ci NOT NULL,
  `birthday_at` varchar(10) COLLATE utf8mb4_unicode_ci NOT NULL,
  `school_id` varchar(20) COLLATE utf8mb4_unicode_ci NOT NULL,
  `type_personnel` varchar(100) COLLATE utf8mb4_unicode_ci NOT NULL,
  `position` varchar(100) COLLATE utf8mb4_unicode_ci NOT NULL,
  `academic_standing` varchar(100) COLLATE utf8mb4_unicode_ci NOT NULL,
  `position_id` varchar(20) COLLATE utf8mb4_unicode_ci NOT NULL,
  `graduated` varchar(100) COLLATE utf8mb4_unicode_ci NOT NULL,
  `graduated_major` varchar(100) COLLATE utf8mb4_unicode_ci NOT NULL,
  `position_at` varchar(10) COLLATE utf8mb4_unicode_ci NOT NULL,
  `tel` varchar(10) COLLATE utf8mb4_unicode_ci NOT NULL,
  `extra_work` text COLLATE utf8mb4_unicode_ci NOT NULL,
  `salary` float NOT NULL,
  `special_expertise` text COLLATE utf8mb4_unicode_ci NOT NULL,
  `class` varchar(20) COLLATE utf8mb4_unicode_ci NOT NULL,
  `room` varchar(10) COLLATE utf8mb4_unicode_ci NOT NULL,
  `photo` varchar(100) COLLATE utf8mb4_unicode_ci NOT NULL,
  `province` varchar(100) COLLATE utf8mb4_unicode_ci NOT NULL
) ENGINE=InnoDB DEFAULT CHARSET=utf8mb4 COLLATE=utf8mb4_unicode_ci;

--
-- Dumping data for table `personnel`
--

INSERT INTO `personnel` (`id`, `id_card`, `personnel_id`, `sub_name`, `first_name_th`, `last_name_th`, `first_name_en`, `last_name_en`, `gender`, `birthday_at`, `school_id`, `type_personnel`, `position`, `academic_standing`, `position_id`, `graduated`, `graduated_major`, `position_at`, `tel`, `extra_work`, `salary`, `special_expertise`, `class`, `room`, `photo`, `province`) VALUES
(1, '5488155135523', '57000000012', 'นาย', 'พงศัก', 'ใหญ่ๆ', 'Pongsuk', 'Tonteng', 'หญิง', '09/15/2016', '574681543322', 'ผู้บริหาร', 'ผู้อำนวยการ', 'ผู้ช่วย', '6200012520', 'มัธยมศึกษาตอนปลาย', 'การแสดง', '09/28/2016', '0955484621', '-', 15000, '-', '', '', '', ''),
(2, '1800211546623', '467867634535453', 'นาย', 'ทีลกร', 'ตอนเที่ยง', 'Pongsuk', 'Nongpo', 'ชาย', '09/16/2016', '574681543322', 'บุคคลภายนอกที่ไม่ใช่ครู', 'ธุรการ', '', '5675643123456', 'มัธยมศึกษาตอนปลาย', '-', '09/07/2016', '0645122352', '-', 15000, '-', '', '', '', ''),
(3, '1555644865526', '5700000001', 'นางสาว', 'ญ่าย่า', 'ใหญ่ๆ', 'Yaya', 'Yaiyai', 'หญิง', '09/15/2016', '574681543322', 'ครู', 'ครู', '', '6200012520', 'มัธยมศึกษาตอนปลาย', 'การแสดง', '09/28/2016', '0955484621', '-', 150000, '-', 'ป.6', '3', 'photo/574681543322.png', ''),
(4, '1800900134462', '574608010015', 'นาย', 'วัชริส', 'พรหมทอง', 'Wachcharis', 'Phromthong', 'ชาย', '09/15/2016', '574681543322', 'ครู', 'ครู', 'ผู้ช่วย', '1800522145563', 'มัธยมศึกษาตอนปลาย', '-', '09/28/2016', '0955484621', '-', 150000, '-', 'ป.6', '2', 'photo/1800900134462.png', ''),
(5, '2544566854421', '2355411256632', 'นาย', 'สมชัย', 'ชายชอง', 'สมชัย', 'ชายชอง', 'ชาย', '', '', '', '', '', '', '', '', '', '', '', 0, '', '', '', '', 'กรุงเทพมหานคร'),
(6, '5644522315512', '574685462212', 'นาย', 'พงศัก', 'ตอนเที่ยง', 'Pongsuk', 'Tonteng', 'ชาย', '09/15/2016', '574681543322', 'บุคลากรที่ไม่ใช้ครู', 'ครูอัตราจ้าง', 'เชี่ยวชาญพิเศษ', '6200012520', 'ปริญญาเอก<', 'การแสดง', '09/28/2016', '0955484621', '-', 150000, '-', '', '', '', ''),
(7, '5899632585521', '52528461052', 'นาย', 'ทีลกร', 'หนองโพ', 'Teerakorn', 'Nongpo', 'ชาย', '09/29/2016', '574681543322', 'ครู', 'หัวหน้า', 'ผู้ช่วย', '698521455521', 'มัธยมศึกษาตอนปลาย', '-', '09/07/2016', '0455484621', '-', 150000, '-', 'ป.6', '', '', ''),
(8, '645865322241', '875645652234', 'นางสาว', 'หยิงลี', 'หยิงลี', 'หยิงลี', 'หยิงลี', 'หญิง', '', '', '', '', '', '', '', '', '', '', '', 15000, '', '', '', '', '');

-- --------------------------------------------------------

--
-- Table structure for table `province`
--

CREATE TABLE `province` (
  `PROVINCE_ID` int(5) NOT NULL,
  `PROVINCE_CODE` varchar(2) COLLATE utf8_unicode_ci NOT NULL,
  `PROVINCE_NAME` varchar(150) COLLATE utf8_unicode_ci NOT NULL,
  `GEO_ID` int(5) NOT NULL DEFAULT '0'
) ENGINE=MyISAM DEFAULT CHARSET=utf8 COLLATE=utf8_unicode_ci;

--
-- Dumping data for table `province`
--

INSERT INTO `province` (`PROVINCE_ID`, `PROVINCE_CODE`, `PROVINCE_NAME`, `GEO_ID`) VALUES
(1, '10', 'กรุงเทพมหานคร', 2),
(2, '11', 'สมุทรปราการ', 2),
(3, '12', 'นนทบุรี', 2),
(4, '13', 'ปทุมธานี', 2),
(5, '14', 'พระนครศรีอยุธยา', 2),
(6, '15', 'อ่างทอง', 2),
(7, '16', 'ลพบุรี', 2),
(8, '17', 'สิงห์บุรี', 2),
(9, '18', 'ชัยนาท', 2),
(10, '19', 'สระบุรี', 2),
(11, '20', 'ชลบุรี', 5),
(12, '21', 'ระยอง', 5),
(13, '22', 'จันทบุรี', 5),
(14, '23', 'ตราด', 5),
(15, '24', 'ฉะเชิงเทรา', 5),
(16, '25', 'ปราจีนบุรี', 5),
(17, '26', 'นครนายก', 2),
(18, '27', 'สระแก้ว', 5),
(19, '30', 'นครราชสีมา', 3),
(20, '31', 'บุรีรัมย์', 3),
(21, '32', 'สุรินทร์', 3),
(22, '33', 'ศรีสะเกษ', 3),
(23, '34', 'อุบลราชธานี', 3),
(24, '35', 'ยโสธร', 3),
(25, '36', 'ชัยภูมิ', 3),
(26, '37', 'อำนาจเจริญ', 3),
(27, '39', 'หนองบัวลำภู', 3),
(28, '40', 'ขอนแก่น', 3),
(29, '41', 'อุดรธานี', 3),
(30, '42', 'เลย', 3),
(31, '43', 'หนองคาย', 3),
(32, '44', 'มหาสารคาม', 3),
(33, '45', 'ร้อยเอ็ด', 3),
(34, '46', 'กาฬสินธุ์', 3),
(35, '47', 'สกลนคร', 3),
(36, '48', 'นครพนม', 3),
(37, '49', 'มุกดาหาร', 3),
(38, '50', 'เชียงใหม่', 1),
(39, '51', 'ลำพูน', 1),
(40, '52', 'ลำปาง', 1),
(41, '53', 'อุตรดิตถ์', 1),
(42, '54', 'แพร่', 1),
(43, '55', 'น่าน', 1),
(44, '56', 'พะเยา', 1),
(45, '57', 'เชียงราย', 1),
(46, '58', 'แม่ฮ่องสอน', 1),
(47, '60', 'นครสวรรค์', 2),
(48, '61', 'อุทัยธานี', 2),
(49, '62', 'กำแพงเพชร', 2),
(50, '63', 'ตาก', 4),
(51, '64', 'สุโขทัย', 2),
(52, '65', 'พิษณุโลก', 2),
(53, '66', 'พิจิตร', 2),
(54, '67', 'เพชรบูรณ์', 2),
(55, '70', 'ราชบุรี', 4),
(56, '71', 'กาญจนบุรี', 4),
(57, '72', 'สุพรรณบุรี', 2),
(58, '73', 'นครปฐม', 2),
(59, '74', 'สมุทรสาคร', 2),
(60, '75', 'สมุทรสงคราม', 2),
(61, '76', 'เพชรบุรี', 4),
(62, '77', 'ประจวบคีรีขันธ์', 4),
(63, '80', 'นครศรีธรรมราช', 6),
(64, '81', 'กระบี่', 6),
(65, '82', 'พังงา', 6),
(66, '83', 'ภูเก็ต', 6),
(67, '84', 'สุราษฎร์ธานี', 6),
(68, '85', 'ระนอง', 6),
(69, '86', 'ชุมพร', 6),
(70, '90', 'สงขลา', 6),
(71, '91', 'สตูล', 6),
(72, '92', 'ตรัง', 6),
(73, '93', 'พัทลุง', 6),
(74, '94', 'ปัตตานี', 6),
(75, '95', 'ยะลา', 6),
(76, '96', 'นราธิวาส', 6);

-- --------------------------------------------------------

--
-- Table structure for table `room`
--

CREATE TABLE `room` (
  `room_id` int(11) NOT NULL,
  `class` varchar(11) COLLATE utf8mb4_unicode_ci NOT NULL,
  `room` int(11) NOT NULL,
  `year` int(11) NOT NULL,
  `school_id` varchar(20) COLLATE utf8mb4_unicode_ci NOT NULL
) ENGINE=InnoDB DEFAULT CHARSET=utf8mb4 COLLATE=utf8mb4_unicode_ci;

--
-- Dumping data for table `room`
--

INSERT INTO `room` (`room_id`, `class`, `room`, `year`, `school_id`) VALUES
(6, 'ป.1', 10, 2559, '574681543322'),
(7, 'ป.6', 10, 2559, '574681543322'),
(8, 'ป.7', 3, 2559, '574681543322');

-- --------------------------------------------------------

--
-- Table structure for table `school`
--

CREATE TABLE `school` (
  `school_id` varchar(20) COLLATE utf8mb4_unicode_ci NOT NULL,
  `smis_id` varchar(20) COLLATE utf8mb4_unicode_ci NOT NULL,
  `obec_id` varchar(20) COLLATE utf8mb4_unicode_ci NOT NULL,
  `school_name_th` varchar(200) COLLATE utf8mb4_unicode_ci NOT NULL,
  `school_name_en` varchar(200) COLLATE utf8mb4_unicode_ci NOT NULL,
  `construct_at` text COLLATE utf8mb4_unicode_ci NOT NULL,
  `belong` varchar(200) COLLATE utf8mb4_unicode_ci NOT NULL,
  `home_code` varchar(50) COLLATE utf8mb4_unicode_ci NOT NULL,
  `moo` varchar(50) COLLATE utf8mb4_unicode_ci NOT NULL,
  `road` varchar(200) COLLATE utf8mb4_unicode_ci NOT NULL,
  `soy` varchar(10) COLLATE utf8mb4_unicode_ci NOT NULL,
  `province` varchar(200) COLLATE utf8mb4_unicode_ci NOT NULL,
  `district` varchar(200) COLLATE utf8mb4_unicode_ci NOT NULL,
  `sub_district` varchar(200) COLLATE utf8mb4_unicode_ci NOT NULL,
  `zip_code` varchar(5) COLLATE utf8mb4_unicode_ci NOT NULL,
  `tel` varchar(10) COLLATE utf8mb4_unicode_ci NOT NULL,
  `fax` varchar(9) COLLATE utf8mb4_unicode_ci NOT NULL,
  `email` varchar(40) COLLATE utf8mb4_unicode_ci NOT NULL,
  `website` varchar(100) COLLATE utf8mb4_unicode_ci NOT NULL,
  `dla` varchar(200) COLLATE utf8mb4_unicode_ci NOT NULL,
  `type_education` varchar(100) COLLATE utf8mb4_unicode_ci NOT NULL,
  `size_education` varchar(10) COLLATE utf8mb4_unicode_ci NOT NULL,
  `electricity` varchar(10) COLLATE utf8mb4_unicode_ci NOT NULL,
  `school_area` varchar(20) COLLATE utf8mb4_unicode_ci NOT NULL,
  `school_district` varchar(20) COLLATE utf8mb4_unicode_ci NOT NULL,
  `lititude` varchar(20) COLLATE utf8mb4_unicode_ci NOT NULL,
  `longtitude` varchar(20) COLLATE utf8mb4_unicode_ci NOT NULL,
  `amount_book` varchar(10) COLLATE utf8mb4_unicode_ci NOT NULL,
  `logo` varchar(50) COLLATE utf8mb4_unicode_ci NOT NULL
) ENGINE=InnoDB DEFAULT CHARSET=utf8mb4 COLLATE=utf8mb4_unicode_ci;

--
-- Dumping data for table `school`
--

INSERT INTO `school` (`school_id`, `smis_id`, `obec_id`, `school_name_th`, `school_name_en`, `construct_at`, `belong`, `home_code`, `moo`, `road`, `soy`, `province`, `district`, `sub_district`, `zip_code`, `tel`, `fax`, `email`, `website`, `dla`, `type_education`, `size_education`, `electricity`, `school_area`, `school_district`, `lititude`, `longtitude`, `amount_book`, `logo`) VALUES
('1000000000', '5123543545325', '1544655122321', 'พิบูล', 'Piboon', '13-02-2012', 'นนทบุรี', '451/122', '11', 'ประชาอุทิศ', '90', '1', '51', 'บ้านคลองสวน', '10290', '0915645523', '025465213', 'piboon@gmail.com', 'www.piboon.com', 'กรุงเทพมหานคร', 'ไม่มี', 'S', 'มี', '10', '10', '10', '10', '10', ''),
('2000000000', '5123543545325', '1544655122321', 'พิบูล', 'Piboon', '13-02-2012', 'กรุงเทพมหานคร', '451/122', '11', 'ประชาอุทิศ', '90', '1', '51', 'บ้านคลองสวน', '10290', '0915645523', '025465213', 'piboon@gmail.com', 'www.piboon.com', 'กรุงเทพมหานคร', 'ไม่มี', 'S', 'มี', '10', '10', '10', '10', '10', ''),
('574681543322', '5123543545325', '1544655122321', 'พิบูล', 'Piboon', '13-02-2012', '', '451/122', '11', 'ประชาอุทิศ', '90', '9', '116', 'บ้านคลองสวน', '10290', '0915645523', '025465213', 'piboon@gmail.com', 'www.piboon.com', 'กรุงเทพมหานคร', 'ไม่มี', 'S', 'มี', '10', '10', '10', '10', '10', '');

-- --------------------------------------------------------

--
-- Table structure for table `student`
--

CREATE TABLE `student` (
  `school_id` varchar(20) COLLATE utf8mb4_unicode_ci NOT NULL,
  `year` varchar(4) COLLATE utf8mb4_unicode_ci NOT NULL,
  `student_id` varchar(20) COLLATE utf8mb4_unicode_ci NOT NULL,
  `class` varchar(20) COLLATE utf8mb4_unicode_ci NOT NULL,
  `room` varchar(3) COLLATE utf8mb4_unicode_ci NOT NULL,
  `id_card` varchar(13) COLLATE utf8mb4_unicode_ci NOT NULL,
  `type_card` varchar(100) COLLATE utf8mb4_unicode_ci NOT NULL,
  `course_study` varchar(400) COLLATE utf8mb4_unicode_ci NOT NULL,
  `type_student` varchar(100) COLLATE utf8mb4_unicode_ci NOT NULL,
  `sub_name` varchar(10) COLLATE utf8mb4_unicode_ci NOT NULL,
  `gender` varchar(10) COLLATE utf8mb4_unicode_ci NOT NULL,
  `first_name_th` varchar(400) COLLATE utf8mb4_unicode_ci NOT NULL,
  `last_name_th` varchar(400) COLLATE utf8mb4_unicode_ci NOT NULL,
  `first_name_en` varchar(400) COLLATE utf8mb4_unicode_ci NOT NULL,
  `last_name_en` varchar(400) COLLATE utf8mb4_unicode_ci NOT NULL,
  `birthday_at` varchar(10) COLLATE utf8mb4_unicode_ci NOT NULL,
  `email` varchar(100) COLLATE utf8mb4_unicode_ci NOT NULL,
  `group_blood` varchar(5) COLLATE utf8mb4_unicode_ci NOT NULL,
  `race` varchar(20) COLLATE utf8mb4_unicode_ci NOT NULL,
  `nationality` varchar(20) COLLATE utf8mb4_unicode_ci NOT NULL,
  `religion` varchar(50) COLLATE utf8mb4_unicode_ci NOT NULL,
  `main` varchar(50) COLLATE utf8mb4_unicode_ci NOT NULL,
  `secondary` varchar(50) COLLATE utf8mb4_unicode_ci NOT NULL,
  `accommodation` int(4) NOT NULL,
  `d1` int(4) NOT NULL,
  `d2` int(4) NOT NULL,
  `d3` int(4) NOT NULL,
  `d4` int(4) NOT NULL,
  `d5` int(4) NOT NULL,
  `d6` int(4) NOT NULL,
  `d7` int(4) NOT NULL,
  `d8` int(4) NOT NULL,
  `d9` int(4) NOT NULL,
  `l1` int(4) NOT NULL,
  `l2` int(4) NOT NULL,
  `l3` int(4) NOT NULL,
  `l4` int(4) NOT NULL,
  `l5` int(4) NOT NULL,
  `i1` int(4) NOT NULL,
  `i2` int(4) NOT NULL,
  `i3` int(4) NOT NULL,
  `i4` int(4) NOT NULL,
  `i5` int(11) NOT NULL,
  `i6` int(11) NOT NULL,
  `i7` int(4) NOT NULL,
  `i8` int(4) NOT NULL,
  `i9` int(4) NOT NULL,
  `i10` int(4) NOT NULL,
  `i11` int(4) NOT NULL,
  `i12` int(4) NOT NULL,
  `i13` int(4) NOT NULL,
  `heigh` varchar(3) COLLATE utf8mb4_unicode_ci NOT NULL,
  `weight` varchar(3) COLLATE utf8mb4_unicode_ci NOT NULL,
  `disease` varchar(200) COLLATE utf8mb4_unicode_ci NOT NULL,
  `fund` int(4) NOT NULL,
  `chance` int(4) NOT NULL,
  `dropout` int(4) NOT NULL,
  `sahad` varchar(200) COLLATE utf8mb4_unicode_ci NOT NULL,
  `behavior` varchar(200) COLLATE utf8mb4_unicode_ci NOT NULL,
  `home_code_1` varchar(50) COLLATE utf8mb4_unicode_ci NOT NULL,
  `moo_1` varchar(50) COLLATE utf8mb4_unicode_ci NOT NULL,
  `road_1` varchar(50) COLLATE utf8mb4_unicode_ci NOT NULL,
  `soy_1` varchar(10) COLLATE utf8mb4_unicode_ci NOT NULL,
  `province_1` varchar(200) COLLATE utf8mb4_unicode_ci NOT NULL,
  `district_1` varchar(200) COLLATE utf8mb4_unicode_ci NOT NULL,
  `sub_district_1` varchar(200) COLLATE utf8mb4_unicode_ci NOT NULL,
  `zip_code_1` varchar(5) COLLATE utf8mb4_unicode_ci NOT NULL,
  `home_code_2` varchar(50) COLLATE utf8mb4_unicode_ci NOT NULL,
  `moo_2` varchar(50) COLLATE utf8mb4_unicode_ci NOT NULL,
  `road_2` varchar(200) COLLATE utf8mb4_unicode_ci NOT NULL,
  `soy_2` varchar(10) COLLATE utf8mb4_unicode_ci NOT NULL,
  `province_2` varchar(200) COLLATE utf8mb4_unicode_ci NOT NULL,
  `district_2` varchar(200) COLLATE utf8mb4_unicode_ci NOT NULL,
  `sub_district_2` varchar(200) COLLATE utf8mb4_unicode_ci NOT NULL,
  `zip_code_2` varchar(5) COLLATE utf8mb4_unicode_ci NOT NULL,
  `img` varchar(100) COLLATE utf8mb4_unicode_ci NOT NULL
) ENGINE=InnoDB DEFAULT CHARSET=utf8mb4 COLLATE=utf8mb4_unicode_ci;

--
-- Dumping data for table `student`
--

INSERT INTO `student` (`school_id`, `year`, `student_id`, `class`, `room`, `id_card`, `type_card`, `course_study`, `type_student`, `sub_name`, `gender`, `first_name_th`, `last_name_th`, `first_name_en`, `last_name_en`, `birthday_at`, `email`, `group_blood`, `race`, `nationality`, `religion`, `main`, `secondary`, `accommodation`, `d1`, `d2`, `d3`, `d4`, `d5`, `d6`, `d7`, `d8`, `d9`, `l1`, `l2`, `l3`, `l4`, `l5`, `i1`, `i2`, `i3`, `i4`, `i5`, `i6`, `i7`, `i8`, `i9`, `i10`, `i11`, `i12`, `i13`, `heigh`, `weight`, `disease`, `fund`, `chance`, `dropout`, `sahad`, `behavior`, `home_code_1`, `moo_1`, `road_1`, `soy_1`, `province_1`, `district_1`, `sub_district_1`, `zip_code_1`, `home_code_2`, `moo_2`, `road_2`, `soy_2`, `province_2`, `district_2`, `sub_district_2`, `zip_code_2`, `img`) VALUES
('574681543322', '2559', '154652132554', 'ป.6', '2', '1455622135564', '', 'ทั่วไป', 'ทั่วไป', 'เด็กชาย', 'หญิง', 'สันสกิต', 'ทานีรัด', 'Sansakit', 'Namsai', '20-02-2012', '', 'O', 'ไทย', 'ไทย', 'พุทธ', 'ไทย', 'ไทย', 0, 0, 0, 0, 0, 0, 0, 0, 0, 0, 0, 0, 0, 0, 0, 0, 0, 0, 0, 0, 0, 0, 0, 0, 0, 0, 0, 0, '180', '50', '', 0, 0, 0, '', '', '451/122', '12', 'แดนหลวง', '90', '3', '59', 'กรแก', '10252', '451/122', '12', 'แดนหลวง', '90', '3', '59', 'กรแก', '10252', ''),
('574681543322', '2559', '152202213554', 'ป.6', '3', '1800211546623', '1150', 'ภาษาไทย', 'ฟกหดฟหกดฟหกด', 'ด.ญ.', 'ชาย', 'ญ่าย่า1', 'ใหญ่ๆ', 'Pongsuk', 'Tonteng', '09/06/2016', 'piboon@ac.th', 'O', 'ไทย', 'ไทย', 'พุทธ', 'ไทย', 'อังกฤษ', 1, 1, 1, 1, 0, 0, 0, 0, 0, 0, 1, 1, 1, 0, 0, 0, 0, 1, 1, 0, 0, 0, 0, 0, 0, 0, 0, 0, '120', '40', 'ไม่มี', 1, 1, 0, '', 'ดีมาก', '451/12', '21', '25', '6', 'นครราชสีมา', 'สุขใจ', 'สุขใจ', '10290', '1542', '12', 'สุขใจฟ', '52', 'สุขใจ', 'สุขใจ', 'สุขใจ', '15201', ''),
('2000000000', '2559', '365202585521', 'ป.6', '2', '1800900107791', '-', 'ภาษาไทย', '-', 'เด็กหญิง', 'ชาย', 'ญ่าย่า', 'ตอนเที่ยง', 'Pongsuk', 'Phromthong', '09/15/2016', 'piboon@ac.th', 'O', 'ไทย', 'ไทย', 'พุทธ', 'ไทย', 'อังกฤษ', 0, 0, 0, 0, 0, 0, 0, 0, 0, 0, 0, 0, 0, 0, 0, 0, 0, 0, 0, 0, 0, 0, 0, 0, 0, 0, 0, 0, '120', '40', 'ไม่มี', 0, 0, 0, '', 'ดีมาก', '451/12', '21', '25', '6', '1', 'สุขใจ', 'สุขใจ', '10290', '1542', '12', 'สุขใจฟ', '52', 'สุขใจ', 'สุขใจ', 'สุขใจ', '15201', ''),
('574681543322', '2559', '574605412213', 'ป.6', '2', '4451132215462', '', 'ทั่วไป', 'ทั่วไป', 'เด็กชาย', 'ชาย', 'น้ำใส', 'น้ำใส', 'Namsai', 'Namsai', '12-02-2012', '', 'A', 'ไทย', 'ไทย', 'พุทธ', 'ไทย', '', 0, 0, 0, 0, 0, 0, 0, 0, 0, 0, 0, 0, 0, 0, 0, 0, 0, 0, 0, 0, 0, 0, 0, 0, 0, 0, 0, 0, '180', '50', '', 0, 0, 0, '', '', '451/122', '12', 'แดนหลวง', '90', '3', '59', 'กรแก', '10252', '451/122', '12', 'แดนหลวง', '90', '3', '59', 'กรแก', '10252', ''),
('574681543322', '2560', '451123215542', 'ป.6', '2', '4511233212252', '1150', 'ภาษาไทย', 'ทั่วไป', 'นาย', 'หญิง', 'วัชลี1', 'วันทา', 'Wnta', 'Wnta', '20-02-2012', 'wadjckw.ww@gmail.com', 'A', 'ไทย', 'ไทย', 'พุทธ', 'ไทย', 'อังกฤษ', 0, 0, 1, 1, 1, 1, 1, 1, 1, 1, 1, 1, 1, 1, 1, 1, 1, 1, 1, 1, 1, 1, 1, 1, 1, 1, 1, 1, '150', '20', 'ไม่มี', 0, 0, 0, '', '', '451/122', '2', 'ประชาอุทิศ', '90', '10', '', 'บ้านคลองสวน', '10290', '451/122', '2', 'ประชาอุทิศ', '90', '10', '', 'หกดหกดห', '10025', ''),
('574681543322', '2559', '1555455235585', 'ป.6', '2', '456554522235', '-', '-', '-', 'ด.ช.', 'ชาย', 'ยันยี', 'ยันยี', 'ยันยี', 'ยันยี', '09/06/2016', 'ยันยี', 'O', 'ไทย', 'ไทย', 'พุทธ', 'ไทย', 'อังกฤษ', 0, 0, 0, 0, 0, 1, 1, 0, 0, 0, 0, 0, 0, 0, 0, 0, 0, 0, 0, 0, 0, 1, 0, 0, 0, 1, 1, 1, '150', '20', '', 0, 0, 0, '', '', '', '', '', '', '', '', '', '', '', '', '', '', '', '', '', '', 'student/456554522235.png'),
('574681543322', '2559', '4577888535542', 'ป.6', '2', '5444522423365', '1150', 'ภาษาไทย', '-', 'ด.ช.', 'ชาย', 'พงศัก', 'ตอนเที่ยง', 'Pongsuk', 'Tonteng', '09/15/2016', 'piboon@ac.th', 'O', 'ไทย', 'ไทย', 'พุทธ', 'ไทย', 'อังกฤษ', 0, 1, 1, 1, 1, 0, 0, 0, 0, 0, 1, 1, 1, 0, 0, 1, 1, 1, 0, 0, 0, 0, 0, 0, 0, 0, 0, 0, '120', '40', 'ไม่มี', 0, 0, 0, '', 'ดีมาก', '451/12', '21', '25', '6', 'นครราชสีมา', 'สุขใจ', 'สุขใจ', '10290', '1542', '12', 'สุขใจฟ', '52', 'สุขใจ', 'สุขใจ', 'สุขใจ', '15201', ''),
('574681543322', '2559', '542168564421', 'ป.6', '2', '5466844562212', '-', '-', '-', 'ด.ช.', 'ชาย', 'สุกร', 'สุกร', 'สุกร', 'สุกร', '09/14/2016', 'สุกร', 'O', 'ไทย', 'ไทย', 'พุทธ', 'ไทย', 'อังกฤษ', 0, 0, 0, 0, 0, 1, 1, 1, 1, 0, 0, 0, 1, 1, 1, 0, 0, 0, 0, 0, 0, 0, 0, 0, 1, 1, 1, 1, '150', '20', '', 0, 0, 0, '', '', '', '', '', '', '', '', '', '', '', '', '', '', '', '', '', '', ''),
('574681543322', '2559', '152202213554', 'ป.6', '2', '5488155135523', '1150', 'ภาษาไทย', 'ฟกหดฟหกดฟหกด', 'เด็กหญิง', 'ชาย', 'ญ่าย่า', 'ตอนเที่ยง', 'Pongsuk', 'Tonteng', '09/06/2016', 'piboon@ac.th', 'B', 'ไทย', 'ไทย', 'พุทธ', 'ไทย', 'อังกฤษ', 0, 0, 0, 0, 1, 1, 1, 1, 0, 0, 0, 0, 0, 0, 0, 0, 0, 0, 0, 0, 0, 0, 0, 0, 1, 1, 1, 0, '120', '40', 'ไม่มี', 0, 0, 0, '11', 'ดีมาก', '451', '21', '25', '6', '1', 'สุขใจ', 'สุขใจ', '10290', '1542', '12', 'สุขใจฟ', '52', 'สุขใจ', 'สุขใจ', 'สุขใจ', '15203', 'student/5488155135523.png'),
('574681543322', '2560', '985451232201', 'ป.6', '2', '6522133210021', '1150', 'ภาษาไทย', 'ทั่วไป', 'เด็กชาย', 'ชาย', 'วัชลี', 'วันทา', 'Wnta', 'Wnta', '12-02-2012', 'wachcharis.p@gmail.com', 'A', 'ไทย', 'ไทย', 'พุทธ', 'ไทย', 'อังกฤษ', 0, 0, 0, 0, 0, 0, 0, 0, 0, 0, 0, 0, 0, 0, 0, 0, 0, 0, 0, 0, 0, 0, 0, 0, 0, 0, 0, 0, '120', '10', '', 0, 0, 0, '', '', '451/122', '2', 'ประชาอุทิศ', '90', '19', '245', 'บ้านคลองสวน', '10290', '451/122', '2', 'ประชาอุทิศ', '90', '12', '154', 'หกดหกดห', '10025', '');

-- --------------------------------------------------------

--
-- Table structure for table `studentfamily`
--

CREATE TABLE `studentfamily` (
  `id` int(11) NOT NULL,
  `place` varchar(50) COLLATE utf8mb4_unicode_ci NOT NULL,
  `old_brother` varchar(3) COLLATE utf8mb4_unicode_ci NOT NULL,
  `young_brother` varchar(3) COLLATE utf8mb4_unicode_ci NOT NULL,
  `old_sister` varchar(3) COLLATE utf8mb4_unicode_ci NOT NULL,
  `young_sister` varchar(3) COLLATE utf8mb4_unicode_ci NOT NULL,
  `num_bud` varchar(3) COLLATE utf8mb4_unicode_ci NOT NULL,
  `father_id_card` varchar(13) COLLATE utf8mb4_unicode_ci NOT NULL,
  `father_first` varchar(200) COLLATE utf8mb4_unicode_ci NOT NULL,
  `father_last` varchar(200) COLLATE utf8mb4_unicode_ci NOT NULL,
  `father_group_blood` varchar(2) COLLATE utf8mb4_unicode_ci NOT NULL,
  `father_salary` float NOT NULL,
  `father_tel` varchar(10) COLLATE utf8mb4_unicode_ci NOT NULL,
  `mather_id_card` varchar(13) COLLATE utf8mb4_unicode_ci NOT NULL,
  `mather_first` varchar(200) COLLATE utf8mb4_unicode_ci NOT NULL,
  `mather_last` varchar(200) COLLATE utf8mb4_unicode_ci NOT NULL,
  `mather_group_blood` varchar(2) COLLATE utf8mb4_unicode_ci NOT NULL,
  `mather_salary` float NOT NULL,
  `mather_tel` varchar(10) COLLATE utf8mb4_unicode_ci NOT NULL,
  `parent_id_card` varchar(13) COLLATE utf8mb4_unicode_ci NOT NULL,
  `parent_first` varchar(200) COLLATE utf8mb4_unicode_ci NOT NULL,
  `parent_last` varchar(200) COLLATE utf8mb4_unicode_ci NOT NULL,
  `parent_group_blood` varchar(2) COLLATE utf8mb4_unicode_ci NOT NULL,
  `parent_salary` varchar(20) COLLATE utf8mb4_unicode_ci NOT NULL,
  `parent_tel` varchar(10) COLLATE utf8mb4_unicode_ci NOT NULL,
  `relation` varchar(50) COLLATE utf8mb4_unicode_ci NOT NULL,
  `id_card` varchar(13) COLLATE utf8mb4_unicode_ci NOT NULL
) ENGINE=InnoDB DEFAULT CHARSET=utf8mb4 COLLATE=utf8mb4_unicode_ci;

--
-- Dumping data for table `studentfamily`
--

INSERT INTO `studentfamily` (`id`, `place`, `old_brother`, `young_brother`, `old_sister`, `young_sister`, `num_bud`, `father_id_card`, `father_first`, `father_last`, `father_group_blood`, `father_salary`, `father_tel`, `mather_id_card`, `mather_first`, `mather_last`, `mather_group_blood`, `mather_salary`, `mather_tel`, `parent_id_card`, `parent_first`, `parent_last`, `parent_group_blood`, `parent_salary`, `parent_tel`, `relation`, `id_card`) VALUES
(3, 'บิดาและมารถดาแต่งงานใหม่', '3', '0', '0', '0', '3', '4555555555555', 'ทรงสัก', 'ทรงสัก', 'B', 15000, '0831254652', '6555555555555', 'สีนวล', 'สีนวล', 'AB', 15000, '0985465232', '4555555555555', 'ทรงสัก', 'ทรงสัก', 'B', '15000', '0831254652', 'บิดา', '1800211546623'),
(15, 'บิดาถึงแก่กรรม', '0', '3', '3', '3', '1', '1544322521125', 'ธีน่า', 'น้ำลึก', 'A', 15000, '0813222021', '4655321212124', 'ใจดี', 'น้ำลึก', 'A', 15000, '0844556412', '4655321212124', 'ใจดี', 'น้ำลึก', 'A', '15000', '0844556412', 'บิดา', '4511233212252'),
(16, 'แยกกันอยู่', '3', '3', '3', '3', '1', '1544322521125', 'ธีน่า', 'น้ำลึก', 'B', 15000, '0813222021', '4655321212124', 'ใจดี', 'น้ำลึก', 'B', 15000, '0844556412', '4655321212124', 'ใจดี', 'น้ำลึก', 'B', '15000', '0844556412', 'บิดา', '6522133210021'),
(17, 'อยู่ด้วยกัน', '0', '0', '0', '0', '1', '1844546213212', 'ณรง', 'น้ำใส', 'A', 15000, '0846543215', '7546513543215', 'ณรง', 'ณรง', 'B', 15000, '0845643124', '1844546213212', 'ณรง', 'น้ำใส', 'A', '15000', '0846543215', 'บิดา', '1455622135564');

-- --------------------------------------------------------

--
-- Table structure for table `subject`
--

CREATE TABLE `subject` (
  `id` int(11) NOT NULL,
  `subject` varchar(200) COLLATE utf8mb4_unicode_ci NOT NULL,
  `term` varchar(1) COLLATE utf8mb4_unicode_ci NOT NULL,
  `id_card` varchar(13) COLLATE utf8mb4_unicode_ci NOT NULL,
  `year` varchar(4) COLLATE utf8mb4_unicode_ci NOT NULL
) ENGINE=InnoDB DEFAULT CHARSET=utf8mb4 COLLATE=utf8mb4_unicode_ci;

--
-- Dumping data for table `subject`
--

INSERT INTO `subject` (`id`, `subject`, `term`, `id_card`, `year`) VALUES
(6, 'คณิตศาสตร์', '1', '1800211546623', '2559'),
(7, 'ภาษาไทย', '1', '1800900134462', '2559');

--
-- Indexes for dumped tables
--

--
-- Indexes for table `amphur`
--
ALTER TABLE `amphur`
  ADD PRIMARY KEY (`AMPHUR_ID`);

--
-- Indexes for table `average`
--
ALTER TABLE `average`
  ADD PRIMARY KEY (`average_id`);

--
-- Indexes for table `budget`
--
ALTER TABLE `budget`
  ADD PRIMARY KEY (`id`);

--
-- Indexes for table `grade`
--
ALTER TABLE `grade`
  ADD PRIMARY KEY (`id`);

--
-- Indexes for table `login`
--
ALTER TABLE `login`
  ADD PRIMARY KEY (`username`);

--
-- Indexes for table `onet`
--
ALTER TABLE `onet`
  ADD PRIMARY KEY (`id`);

--
-- Indexes for table `personnel`
--
ALTER TABLE `personnel`
  ADD PRIMARY KEY (`id`);

--
-- Indexes for table `province`
--
ALTER TABLE `province`
  ADD PRIMARY KEY (`PROVINCE_ID`);

--
-- Indexes for table `room`
--
ALTER TABLE `room`
  ADD PRIMARY KEY (`room_id`);

--
-- Indexes for table `school`
--
ALTER TABLE `school`
  ADD PRIMARY KEY (`school_id`);

--
-- Indexes for table `student`
--
ALTER TABLE `student`
  ADD PRIMARY KEY (`id_card`);

--
-- Indexes for table `studentfamily`
--
ALTER TABLE `studentfamily`
  ADD PRIMARY KEY (`id`);

--
-- Indexes for table `subject`
--
ALTER TABLE `subject`
  ADD PRIMARY KEY (`id`);

--
-- AUTO_INCREMENT for dumped tables
--

--
-- AUTO_INCREMENT for table `amphur`
--
ALTER TABLE `amphur`
  MODIFY `AMPHUR_ID` int(5) NOT NULL AUTO_INCREMENT, AUTO_INCREMENT=999;
--
-- AUTO_INCREMENT for table `average`
--
ALTER TABLE `average`
  MODIFY `average_id` int(11) NOT NULL AUTO_INCREMENT, AUTO_INCREMENT=5;
--
-- AUTO_INCREMENT for table `budget`
--
ALTER TABLE `budget`
  MODIFY `id` int(11) NOT NULL AUTO_INCREMENT, AUTO_INCREMENT=5;
--
-- AUTO_INCREMENT for table `grade`
--
ALTER TABLE `grade`
  MODIFY `id` int(11) NOT NULL AUTO_INCREMENT, AUTO_INCREMENT=60;
--
-- AUTO_INCREMENT for table `onet`
--
ALTER TABLE `onet`
  MODIFY `id` int(11) NOT NULL AUTO_INCREMENT, AUTO_INCREMENT=43;
--
-- AUTO_INCREMENT for table `personnel`
--
ALTER TABLE `personnel`
  MODIFY `id` int(11) NOT NULL AUTO_INCREMENT, AUTO_INCREMENT=9;
--
-- AUTO_INCREMENT for table `province`
--
ALTER TABLE `province`
  MODIFY `PROVINCE_ID` int(5) NOT NULL AUTO_INCREMENT, AUTO_INCREMENT=77;
--
-- AUTO_INCREMENT for table `room`
--
ALTER TABLE `room`
  MODIFY `room_id` int(11) NOT NULL AUTO_INCREMENT, AUTO_INCREMENT=9;
--
-- AUTO_INCREMENT for table `studentfamily`
--
ALTER TABLE `studentfamily`
  MODIFY `id` int(11) NOT NULL AUTO_INCREMENT, AUTO_INCREMENT=18;
--
-- AUTO_INCREMENT for table `subject`
--
ALTER TABLE `subject`
  MODIFY `id` int(11) NOT NULL AUTO_INCREMENT, AUTO_INCREMENT=8;
/*!40101 SET CHARACTER_SET_CLIENT=@OLD_CHARACTER_SET_CLIENT */;
/*!40101 SET CHARACTER_SET_RESULTS=@OLD_CHARACTER_SET_RESULTS */;
/*!40101 SET COLLATION_CONNECTION=@OLD_COLLATION_CONNECTION */;
